<?xml version="1.0" encoding="UTF-8"?>
<beans xmlns="http://www.springframework.org/schema/beans"
	xmlns:xsi="http://www.w3.org/2001/XMLSchema-instance" xmlns:p="http://www.springframework.org/schema/p"
	xmlns:context="http://www.springframework.org/schema/context"
	xmlns:mvc="http://www.springframework.org/schema/mvc"
	xmlns:tx="http://www.springframework.org/schema/tx"
    xmlns:aop="http://www.springframework.org/schema/aop"
    xmlns:task="http://www.springframework.org/schema/task"
	xsi:schemaLocation="http://www.springframework.org/schema/beans  
                        http://www.springframework.org/schema/beans/spring-beans-3.2.xsd  
                        http://www.springframework.org/schema/context  
                        http://www.springframework.org/schema/context/spring-context-3.2.xsd  
                        http://www.springframework.org/schema/mvc  
                        http://www.springframework.org/schema/mvc/spring-mvc-3.2.xsd
                        http://www.springframework.org/schema/tx
						http://www.springframework.org/schema/tx/spring-tx-3.2.xsd
						http://www.springframework.org/schema/aop
						http://www.springframework.org/schema/aop/spring-aop-3.2.xsd
						http://www.springframework.org/schema/task 
						http://www.springframework.org/schema/task/spring-task-3.2.xsd">
						
	<!-- 自动扫描 -->
	<context:component-scan base-package="com.weizu" />
	<!-- 启用Spring对@AspectJ的支持 -->
   	<aop:aspectj-autoproxy proxy-target-class="true" />
   	
   	<!-- 声明事务切面类对象 -->
   	<!-- <bean id="transactionManager" class="com.aiyi.core.aop.TransactionManager" /> -->
   	
   
	<!-- 引入配置文件 -->
	<!-- <bean id="propertyConfigurer"
		class="org.springframework.beans.factory.config.PropertyPlaceholderConfigurer">
		
		<property name="locations">
			<array>
				<value>classpath:jdbc.properties</value>
				<value>classpath:redis.properties</value>
			</array>
		</property>
	</bean> -->
	<!-- 引入配置文件 -->
	<bean id="propertyConfigurer"
		class="org.springframework.beans.factory.config.PropertyPlaceholderConfigurer">
		<property name="location" value="classpath:jdbc.properties" />
	</bean>
	<!-- redis -->
	 <!-- <bean id="redisHttpSessionConfiguration"
	   class="org.springframework.session.data.redis.config.annotation.web.http.RedisHttpSessionConfiguration">
	  <property name="maxInactiveIntervalInSeconds" value="3600"/>
	</bean>
 
	<bean id="jedisPoolConfig" class="redis.clients.jedis.JedisPoolConfig">
	  <property name="maxTotal" value="300" />
	  <property name="maxIdle" value="10" />
	</bean>
	 
	<bean id="jedisConnectionFactory"
	   class="org.springframework.data.redis.connection.jedis.JedisConnectionFactory" destroy-method="destroy">
	  <property name="hostName" value="${redis_hostname}"/>
	  <property name="port" value="${redis_port}"/>
	  <property name="password" value="${redis_pwd}" />
	  <property name="timeout" value="${redis_timeout}"/>
	  <property name="usePool" value="true"/>
	  <property name="poolConfig" ref="jedisPoolConfig"/>
	</bean> -->

	<!-- mysql -->
	<bean id="dataSource" class="org.apache.commons.dbcp.BasicDataSource"
		destroy-method="close">
		<property name="driverClassName" value="${jdbc.driver}" />
		<property name="url" value="${jdbc.url}" />
		<property name="username" value="${jdbc.username}" />
		<property name="password" value="${jdbc.password}" />
		<!-- 初始化连接大小 -->
		<property name="initialSize" value="${initialSize}"></property>
		<!-- 连接池最大数量 -->
		<property name="maxActive" value="${maxActive}"></property>
		<!-- 连接池最大空闲 -->
		<property name="maxIdle" value="${maxIdle}"></property>
		<!-- 连接池最小空闲 -->
		<property name="minIdle" value="${minIdle}"></property>
		<!-- 获取连接最大等待时间 -->
		<property name="maxWait" value="${maxWait}"></property>
	</bean>
	
	

	<!-- spring和MyBatis完美整合，不需要mybatis的配置映射文件 -->
	<bean id="sqlSessionFactoryBean" class="org.mybatis.spring.SqlSessionFactoryBean">
		<property name="dataSource" ref="dataSource" />
		<!-- 自动扫描mapping.xml文件 -->
		<property name="mapperLocations" value="classpath:com/weizu/flowsys/*/mapper/*Mapper.xml">
		</property>
		
	</bean>

	<!-- DAO接口所在包名，Spring会自动查找其下的类
	<bean class="org.mybatis.spring.mapper.MapperScannerConfigurer">
		<property name="basePackage" value="com.aiyi.*" />
		<property name="sqlSessionFactoryBeanName" value="sqlSessionFactory"></property>
	</bean> -->
	
	
	<!-- (事务管理)transaction manager, use JtaTransactionManager for global tx -->
	<bean id="transactionManager"
		class="org.springframework.jdbc.datasource.DataSourceTransactionManager">
		<property name="dataSource" ref="dataSource" />
	</bean>
	
	
	<!-- 注解驱动 -->
	<tx:annotation-driven transaction-manager="transactionManager" proxy-target-class="true" />
	
	<!-- 开启AOP监听 只对当前配置文件有效 -->
	<aop:aspectj-autoproxy expose-proxy="true" />
	
	<!-- 任务执行定时器，启动注解任务 -->
	<task:annotation-driven /> 
	
	
	<!-- 创建一个sqlSession实例，线程安全的，可以在所有DAO实例共享，原理是将sqlSession，事务与当前线程挂钩 -->
	<bean name="sqlSessionTemplateASS" id="sqlSession" class="org.mybatis.spring.SqlSessionTemplate" scope="prototype">
		<constructor-arg index="0" ref="sqlSessionFactoryBean" />
	</bean>
	
	

</beans>