<?xml version="1.0" encoding="UTF-8" ?>
<!DOCTYPE mapper PUBLIC "-//mybatis.org//DTD Mapper 3.0//EN" "http://mybatis.org/dtd/mybatis-3-mapper.dtd" >
<mapper namespace="com.weizu.flowsys.web.channel.dao.ChannelDiscountDao" >
  <sql id="t_cDiscount">channel_discount</sql>
  <sql id="t_channel">channel_channel</sql>
  <sql id="t_rte">rate_discount</sql>
  <sql id="t_ap">agency_purchase</sql>
  <sql id="t_active">agency_active_rate</sql>
  
  <resultMap id="BaseResultMap" type="com.weizu.flowsys.web.channel.pojo.ChannelDiscountPo" >
    <result column="id" property="id" jdbcType="BIGINT" />
    <result column="channel_id" property="channelId" jdbcType="BIGINT" />
    <result column="scope_city_code" property="scopeCityCode" jdbcType="VARCHAR" />
    <result column="channel_discount" property="channelDiscount" jdbcType="DOUBLE" />
    <result column="channel_name" property="channelName" jdbcType="DOUBLE" />
    <result column="operator_type" property="operatorType" jdbcType="INTEGER" />
    <result column="service_type" property="serviceType" jdbcType="INTEGER" />
    <result column="bill_type" property="billType" jdbcType="INTEGER" />
    <result column="discount_type" property="discountType" jdbcType="INTEGER" />
  </resultMap>
  
  <resultMap id="SimpleChannelMap" type="com.weizu.flowsys.web.channel.pojo.ChannelDiscountPo" >
  	<id column="id" property="id" jdbcType="BIGINT" />
    <result column="channel_name" property="channelName" jdbcType="VARCHAR" />
    <result column="channel_id" property="channelId" jdbcType="BIGINT" />
    <result column="channel_discount" property="channelDiscount" jdbcType="DOUBLE" />
    <!-- <result column="operator_type" property="operatorType" jdbcType="VARCHAR" />
    <result column="scope_city_code" property="scopeCityCode" jdbcType="VARCHAR" /> -->
  </resultMap>
  
   <sql id="Simple_Column_List" >
    discount.id,discount.channel_id, channel.channel_name,discount.channel_discount
    <!-- ,discount.operator_type,discount.scope_city_code -->
  </sql>
   <!-- 查询简易通道信息 -->
  <select id="listSimpleChannel" resultMap="SimpleChannelMap">
  	select <include refid="Simple_Column_List"></include>
  	from <include refid="t_channel"></include> channel
  	inner join <include refid="t_cDiscount"></include> discount
  	on channel.id = discount.channel_id
  	WHERE discount.id NOT IN
  	(SELECT discount1.id FROM <include refid="t_active"></include> aar
	INNER JOIN <include refid="t_rte"></include> rte
	ON rte.id = aar.rate_discount_id
	INNER JOIN <include refid="t_cDiscount"></include> discount1
	ON discount1.id = rte.channel_discount_id
  	<where>
  		<if test="agencyId != null">
  			AND aar.agency_id = #{agencyId}
  		</if>
  		<if test="bindState != null">
  			AND aar.bind_state != #{bindState}
  		</if>
  		<if test="billTypeRate != null">
  			AND rte.bill_type = #{billTypeRate}
  		</if>
  	</where>)
  	<include refid="condition_sql"></include>
  	order by channel.id desc
  </select>
  
  
  <sql id="base_list">
  	discount.id,discount.channel_id, service_type, scope_city_code, channel_discount,discount.channel_name,operator_type, discount_type,discount.bill_type
  </sql>
  
  <!-- 通过代理商和订单号得到走的通道折扣实体 -->
  <select id="getCDbyAP" parameterType="map" resultMap="BaseResultMap">
  		SELECT <include refid="base_list"></include> 
  		FROM <include refid="t_cDiscount"></include> discount
		INNER JOIN <include refid="t_rte"></include> rte
		on discount.id=rte.channel_discount_id
		INNER JOIN <include refid="t_ap"></include> ap
		on ap.rate_discount_id=rte.id
		<where>
			<if test="purchaseId != null">
				AND ap.purchase_id = #{purchaseId}
			</if>
			<if test="agencyId != null">
				AND ap.agency_id = #{agencyId}
			</if>
		</where>
  </select>
  
  <!-- 通道折扣批量添加 -->
  <insert id="discount_addList" useGeneratedKeys="true" parameterType="java.util.List">
  	insert into <include refid="t_cDiscount"></include>
  	(channel_id, service_type, scope_city_code, channel_discount,channel_name,operator_type, discount_type,bill_type)
  	values
  	<foreach collection="list" separator="," item="cDiscount" index="index">
  		(#{cDiscount.channelId},#{cDiscount.serviceType},#{cDiscount.scopeCityCode},#{cDiscount.channelDiscount},
  		#{cDiscount.channelName},#{cDiscount.operatorType},#{cDiscount.discountType},#{cDiscount.billType})
  	</foreach>
  </insert>
  <!-- 查看折扣列表 -->
  <select id="getDiscountList" parameterType="map" resultMap="BaseResultMap">
  	select <include refid="base_list"></include>
  	from <include refid="t_cDiscount"></include> discount
  	inner join <include refid="t_channel"></include> channel
  	on channel.id = discount.channel_id
  	<where>
  		<include refid="condition_sql"></include>
  	</where>
  	order by id
  	<!-- order by id -->
  	<if test="start != null">
	 	limit #{start}
	 </if>
	 <if test="end != null">
	 	, #{end}
	 </if>
	 <if test="start == null &amp; end == null">
	 	limit 0,10
	 </if>
  </select>
  
  <select id="countDiscount" parameterType="map" resultType="int">
  	select count(*) from <include refid="t_cDiscount"></include>
  	<where>
  		<include refid="condition_sql"></include>
  	</where>
  </select>
  
  <sql id="condition_sql">
  		<if test="channelId != null">
  			AND discount.channel_id = #{channelId}
  		</if>
  		<if test="channelState != null">
  			AND channel.channel_state = #{channelState}
  		</if>
  		<if test="belongAgencyId != null">
  			AND channel.belong_agency_id = #{belongAgencyId}
  		</if>
  		<if test="discountType != null">
  			AND discount_type = #{discountType}
  		</if>
  		<if test="scopeCityCode != null">
  			AND discount.scope_city_code = #{scopeCityCode}
  		</if>
  		<if test="operatorType != null">
  			AND discount.operator_type = #{operatorType}
  		</if>
  		<if test="serviceType != null">
  			AND discount.service_type = #{serviceType}
  		</if>
  </sql>
  
  <!-- <insert id="insert" parameterType="weizu.flowsys.entity.ChannelDiscountPo" >
    insert into channel_discount (id, channel_id, scope_city_code, 
      channel_discount)
    values (#{id,jdbcType=BIGINT}, #{channelId,jdbcType=INTEGER}, #{scopeCityCode,jdbcType=VARCHAR}, 
      #{channelDiscount,jdbcType=DOUBLE})
  </insert>
  <insert id="insertSelective" parameterType="weizu.flowsys.entity.ChannelDiscountPo" >
    insert into channel_discount
    <trim prefix="(" suffix=")" suffixOverrides="," >
      <if test="id != null" >
        id,
      </if>
      <if test="channelId != null" >
        channel_id,
      </if>
      <if test="scopeCityCode != null" >
        scope_city_code,
      </if>
      <if test="channelDiscount != null" >
        channel_discount,
      </if>
    </trim>
    <trim prefix="values (" suffix=")" suffixOverrides="," >
      <if test="id != null" >
        #{id,jdbcType=BIGINT},
      </if>
      <if test="channelId != null" >
        #{channelId,jdbcType=INTEGER},
      </if>
      <if test="scopeCityCode != null" >
        #{scopeCityCode,jdbcType=VARCHAR},
      </if>
      <if test="channelDiscount != null" >
        #{channelDiscount,jdbcType=DOUBLE},
      </if>
    </trim>
  </insert> -->
</mapper>