<?xml version="1.0" encoding="UTF-8"?>
<!DOCTYPE mapper PUBLIC "-//mybatis.org//DTD Mapper 3.0//EN" "http://mybatis.org/dtd/mybatis-3-mapper.dtd">
<mapper namespace="com.weizu.flowsys.web.channel.dao.ExchangePlatformDaoInterface">
  <sql id="t_ep">exchange_platform</sql>
  <sql id="t_rateD">rate_discount</sql>
  <sql id="t_cnel">channel_channel</sql>
  <sql id="t_cdiscount">channel_discount</sql>
  <!-- <sql id="t_agencyEp">agency_ep</sql> -->
  
  
  <resultMap id="BaseResultMap" type="com.weizu.flowsys.web.channel.pojo.ExchangePlatformPo">
    <id column="id" jdbcType="INTEGER" property="id" />
    <result column="ep_name" jdbcType="VARCHAR" property="epName" />
    <result column="ep_purchase_ip" jdbcType="VARCHAR" property="epPurchaseIp" />
    <result column="product_list_ip" jdbcType="VARCHAR" property="productListIp" />
    <result column="pgdata_check_ip" jdbcType="VARCHAR" property="pgdataCheckIp" />
    <result column="ep_balance_ip" jdbcType="VARCHAR" property="epBalanceIp" />
    <!-- <result column="ep_order_state_ip" jdbcType="VARCHAR" property="epOrderStateIp" /> -->
    <result column="ep_user_name" jdbcType="VARCHAR" property="epUserName" />
    <result column="ep_user_pass" jdbcType="VARCHAR" property="epUserPass" />
    <result column="ep_balance" jdbcType="DOUBLE" property="epBalance" />
    <result column="ep_apikey" jdbcType="VARCHAR" property="epApikey" />
    <result column="ep_ip" jdbcType="VARCHAR" property="epIp" />
    <result column="ep_eng_id" jdbcType="VARCHAR" property="epEngId" />
    <result column="ep_other_params" jdbcType="VARCHAR" property="epOtherParams" />
    <result column="ep_call_back" jdbcType="INTEGER" property="epCallBack" />
    <result column="last_access" jdbcType="BIGINT" property="lastAccess" />
  </resultMap>
  <sql id="Base_Column_List">
    id, ep_name, ep_purchase_ip, product_list_ip, pgdata_check_ip, ep_balance_ip, <!-- ep_order_state_ip, -->
    ep_user_name, ep_user_pass, ep_balance, ep_apikey, ep_ip, ep_eng_id,ep_other_params, ep_call_back, last_access
  </sql>
  <sql id="EpByRteId_Column_List">
    ep.id, ep_name, ep_purchase_ip, product_list_ip, pgdata_check_ip, ep_balance_ip, <!-- ep_order_state_ip, -->
    ep_user_name, ep_user_pass, ep_balance, ep_apikey, ep_ip, ep_eng_id,ep_other_params, ep_call_back, ep.last_access
  </sql>
  <!-- <sql id="Other_Column_List">
    ep.id, ep.ep_name, ep_purchase_ip, product_list_ip, pgdata_check_ip, ep_balance_ip, 
    ep_user_name, ep_user_pass, ep_balance, ep_apikey, ep_ip, ep_eng_id
  </sql> -->
  <sql id="Simple_Column_List">
    id, ep_name
  </sql>
  <!-- 根据费率id得到平台信息 -->
  <select id="getEpByRateId" parameterType="long" resultMap="BaseResultMap">
  	select <include refid="EpByRteId_Column_List"></include>
  	from <include refid="t_ep"></include> ep
  	inner join <include refid="t_cnel"></include> cnel
  	on cnel.ep_id = ep.id
  	inner join <include refid="t_rateD"></include> rate
  	on rate.channel_id=cnel.id
  	<where>
  		rate.id=#{_parameter}
  	</where>
  </select>
  <!-- 通过通道id获得平台信息 -->
  <select id="getEpByCDiscountId" parameterType="long" resultMap="BaseResultMap">
  	select <include refid="EpByRteId_Column_List"></include>
  	from <include refid="t_ep"></include> ep
  	inner join <include refid="t_cnel"></include> cnel
  	on cnel.ep_id = ep.id
  	inner join <include refid="t_cdiscount"></include> cd
  	on cnel.id = cd.channel_id
  	<where>
  		cd.id=#{_parameter}
  	</where>
  </select>
  <!-- 获得所有平台名称(减少数据库负担) -->
  <select id="getSimpleEp" parameterType="String" resultMap="BaseResultMap">
   		select <include refid="Simple_Column_List"></include>
   		 from <include refid="t_ep"></include>
  </select>
  <!-- 获得平台列表 -->
  <select id="getEp" parameterType="map" resultMap="BaseResultMap">
   		select <include refid="Base_Column_List"></include>
   		 from <include refid="t_ep"></include>
   		<where>
 			<include refid="condition_sql"></include>
   		</where>
 		order by last_access desc
 		<if test="start != null">
	 	limit #{start}
		 </if>
		 <if test="end != null">
		 	, #{end}
		 </if>
		 <if test="start == null &amp; end == null">
		 	limit 0,10
		 </if> 
  </select>
  <!-- 根据代理商id和其他参数获得该代理商下对接过的平台列表 -->
<!--   <select id="getEp" parameterType="map" resultMap="BaseResultMap">
   		select <include refid="Other_Column_List"></include>
   		 from <include refid="t_ep"></include> ep
   		 inner join <include refid="t_agencyEp"></include> aep
   		 on ep.id = aep.ep_id
   		<where>
   		 	<if test="agencyId != null">
  				AND aep.agency_id = #{agencyId}
  		 		<include refid="condition_sql"></include>
  		 		<if test="start != null">
				 	limit #{start}
				 </if>
				 <if test="end != null">
				 	, #{end}
				 </if>
				 <if test="start == null &amp; end == null">
				 	limit 0,10
				 </if> 
			</if>
   		</where>
  </select> -->
  <!-- 平台列表记录数 -->
  <select id="countEp" parameterType="map" resultType="java.lang.Integer">
   		select count(*)
   		 from <include refid="t_ep"></include> 
   		<!-- 前提条件 -->
   		 <where>
  		 		<include refid="condition_sql"></include>
   		 </where>
  </select>
  <!-- <select id="countEp" parameterType="map" resultType="java.lang.Integer">
   		select count(*)
   		 from <include refid="t_ep"></include> ep
   		 inner join <include refid="t_agencyEp"></include> aep
   		 on ep.id = aep.ep_id
   		 <where>
   		 	<if test="agencyId != null">
   				AND aep.agency_id = #{agencyId}
   		 		<include refid="condition_sql"></include>
   		 	</if>
   		 </where>
  </select> -->
  
   	<sql id="condition_sql">
   		<if test="epName != null">
   			AND ep_name like CONCAT('%', TRIM(#{epName}), '%')
   		</if>
   		<if test="epNameEqual != null">
   			AND ep_name = #{epNameEqual}
   		</if>
   		<if test="epEngId != null">
   			AND ep_eng_id = #{epEngId}
   		</if>
   		<!-- <if test="agencyId != null">
   			AND aep.agency_id = #{agencyId}
   		</if>
   		<if test="agencyId != null">
   			AND aep.agency_id = #{agencyId}
   		</if> -->
   	</sql>
  <!-- 通过平台名获得平台信息 -->
   	<select id="getEpByEpName" parameterType="String" resultMap="BaseResultMap">
   		select <include refid="Base_Column_List"></include> 
   		from <include refid="t_ep"></include>
   		<where>
   			<include refid="byEpName_sql"></include>
   		</where>
   	</select>
   	<sql id="byEpName_sql">
   		<if test="_parameter != null">
   			<!-- AND ep_name like CONCAT('%', TRIM(#{_parameter}), '%') -->
   			AND ep_name = #{_parameter}
   		</if>
   	</sql>
  
</mapper>