<?xml version="1.0" encoding="UTF-8"?>
<!DOCTYPE mapper   
    PUBLIC "-//mybatis.org//DTD Mapper 3.0//EN"   
    "http://mybatis.org/dtd/mybatis-3-mapper.dtd">

<mapper namespace="com.weizu.flowsys.web.channel.dao.OperatorPgDaoInterface">
	<sql id="t_pg">operator_pg_data</sql>
	<sql id="t_pc">product_code</sql>
	<sql id="t_aar">agency_active_rate</sql>
	<sql id="t_rte">rate_discount</sql>
	<sql id="t_cnel">channel_channel</sql>
	<sql id="t_cd">channel_discount</sql>
	<sql id="t_pCode">product_code</sql>
	<sql id="t_ep">exchange_platform</sql>
	<sql id="t_cbp">cnel_bind_pg</sql>
	<!-- <sql id="t_scope">service_scope</sql> -->
	
	<resultMap id="BaseResultMap" type="com.weizu.flowsys.web.channel.pojo.OperatorPgDataPo">
	    <id column="id" jdbcType="INTEGER" property="id" />
	    <result column="operator_type" jdbcType="INTEGER" property="operatorType" />
	    <result column="operator_name" jdbcType="VARCHAR" property="operatorName" />
	    <result column="pg_size" jdbcType="INTEGER" property="pgSize" />
	    <result column="pg_price" jdbcType="DOUBLE" property="pgPrice" />
	    <result column="pg_name" jdbcType="VARCHAR" property="pgName" />
	    <result column="pg_in_service" jdbcType="INTEGER" property="pgInService" />
	 </resultMap>
	<resultMap id="PurchasePgMap" type="com.weizu.flowsys.web.channel.pojo.OperatorPgDataPo">
	    <id column="id" jdbcType="INTEGER" property="id" />
	    <result column="operator_type" jdbcType="INTEGER" property="operatorType" />
	    <result column="operator_name" jdbcType="VARCHAR" property="operatorName" />
	    <result column="pg_size" jdbcType="INTEGER" property="pgSize" />
	    <result column="pg_price" jdbcType="DOUBLE" property="pgPrice" />
	    <result column="pg_name" jdbcType="VARCHAR" property="pgName" />
	    <result column="pg_in_service" jdbcType="INTEGER" property="pgInService" />
	    <result column="product_code" jdbcType="VARCHAR" property="productCode" />
	 </resultMap>
	<resultMap id="OtherMap" type="com.weizu.flowsys.web.channel.pojo.OperatorPgDataPo">
	   <id column="id" jdbcType="INTEGER" property="id" />
	    <!-- <result column="root_agency_id" jdbcType="INTEGER" property="rootAgencyId" /> -->
	    <result column="operator_type" property="operatorType" />
	    <result column="operator_name" jdbcType="VARCHAR" property="operatorName" />
	    <result column="pg_in_service"  property="pgInService" />
	    <result column="pg_name" jdbcType="VARCHAR" property="pgName" />
	    <result column="pg_price" property="pgPrice" />
	    <result column="pg_size" property="pgSize" />
	    <!-- <result column="scope_city_name" jdbcType="VARCHAR" property="scopeCityName" /> -->
	    <result column="service_type" property="serviceType" />
	    <result column="product_code" property="productCode" />
	    <result column="cnel_id" property="channelId" />
	    <result column="cnel_name" property="cnelName" />
	    <result column="cdis" property="cdis" />
	    <result column="cdis_id" property="cdisId" />
	    <result column="rte_dis" property="rteDis" />
	    <result column="rte_id" property="rteId" />
	 </resultMap>
  <sql id="Base_Column_List">
    pg.id,operator_type,operator_name,pg_in_service,pg.pg_name,pg_price,pg_size,service_type
  </sql>
  <sql id="Purchase_Column_List">
    pg.id,pg.operator_type,pg.operator_name,pg_in_service,pg.pg_name,pg_price,pg_size,pg.service_type,pc.product_code
  </sql>
  <!-- 通过通道查询购买包体list -->
  <sql id="myCnelPg_Column_List">
    pg.id,pg.operator_type,pg.operator_name,pg.pg_in_service,pg.pg_name,pg.pg_price,pg.pg_size,
    pg.service_type,pc.product_code
  </sql>
<!--   <sql id="myCnelPg_Column_List">
    pg.id,pg.operator_type,pg.operator_name,pg.pg_in_service,pg.pg_name,pg.pg_price,pg.pg_size,
    pg.service_type,pc.product_code,cnel.id cnel_id,cnel.channel_name cnel_name,cd.channel_discount cdis,cd.id cdis_id
  </sql> -->
  <!-- 通过费率查询购买包体list -->
  <sql id="myPg_Column_List">
    pg.id,pg.operator_type,pg.operator_name,pg.pg_in_service,pg.pg_name,pg.pg_price,pg.pg_size,pg.service_type,
    pc.product_code,cnel.id cnel_id,rte.active_discount rte_dis,rte.id rte_id
  </sql>
    <!-- 重载Add -->
	<insert id="operatorPg_addList" useGeneratedKeys="true" parameterType="java.util.List" >
		insert into operator_pg_data (operator_type,operator_name,pg_size,pg_price,pg_name,pg_in_service,service_type)
		values
		<foreach collection="list" item="item" index="index"
			separator=",">
			(#{item.operatorType},#{item.operatorName},#{item.pgSize},#{item.pgPrice},#{item.pgName},#{item.pgInService},#{item.serviceType})
		</foreach>

	</insert>
	
	<!-- 查询分页包体list -->
	<select id="pgList_select" resultMap="OtherMap">
		 select 
    	<include refid="Base_Column_List" />
   		 from <include refid="t_pg"></include> pg
   		 <where>
   		 	<include refid="condition_sql"></include>
   		 </where>
   		 order by id desc
   		 <if test="start != null">
   		 	limit #{start}
   		 </if>
   		 <if test="end != null">
   		 	, #{end}
   		 </if>
   		 <if test="start == null &amp; end == null">
   		 	limit 0,10
   		 </if> 
	</select>
	<!-- 通过运营商类型查询购买包体list -->
	<select id="pgList_forPurchase_type" resultMap="OtherMap" parameterType="java.lang.Integer" >
		 select 
    	<include refid="Base_Column_List" />
   		 from <include refid="t_pg"></include> pg
   		 <where>
   		 	<include refid="pg_for_purchase_type"></include>
   		 </where>
	</select>
	<!-- 通过参数查询购买包体list -->
	<select id="pgList_super" parameterType="map" resultMap="PurchasePgMap">
		select <include refid="Purchase_Column_List"></include> 
		from <include refid="t_pg"></include>pg
		inner JOIN <include refid="t_cbp"></include> cbp
		on pg.id=cbp.pg_id
		INNER JOIN <include refid="t_cd"></include> cd
		on cd.channel_id=cbp.channel_id
		INNER JOIN <include refid="t_pc"></include> pc
		on pc.pg_id=pg.id
		<where>
			<if test="channelId != null">
				AND cbp.channel_id = #{channelId}
			</if>
			<include refid="pg_for_purchase_po">
			</include>
			<if test="scopeCityCode != null">
				AND cd.scope_city_code = #{scopeCityCode}
				<!-- 产品编码的地区也要吻合 -->
				AND pc.scope_city_code = #{scopeCityCode}
			</if>
		</where>
	</select>
	<!-- <select id="pgList_forPurchase_po" resultMap="OtherMap" parameterType="map" >
		SELECT <include refid="myPg_Column_List"></include> 
		FROM <include refid="t_pg"></include> pg
		INNER JOIN <include refid="t_pc"></include> pc
		on pc.pg_id=pg.id
		INNER JOIN <include refid="t_ep"></include> ep
		on ep.id = pc.ep_id
		INNER JOIN <include refid="t_cnel"></include> cnel
		on ep.id = cnel.ep_id
		INNER JOIN <include refid="t_cd"></include> cd
		on cd.channel_id = cnel.id
		INNER JOIN <include refid="t_rte"></include> rte
		on rte.channel_discount_id = cd.id
		INNER JOIN <include refid="t_aar"></include> aar
		on aar.rate_discount_id = rte.id
		<where>
			AND rte.bill_type=0默认用对私账户进行页面充值
			<if test="agencyId != null">
				AND aar.agency_id= #{agencyId}
			</if>
			<if test="operatorType != null">
				AND pg.operator_type = #{operatorType}
				AND cd.operator_type = #{operatorType}
			</if>
			<if test="serviceType != null">
				AND pg.service_type = #{serviceType}
				AND cd.service_type = #{serviceType}
			</if>
			<if test="scopeCityCode != null">
				AND cd.scope_city_code = #{scopeCityCode}
			</if>
			<if test="channelId != null">
				AND cd.channel_id = #{channelId}
			</if>
			<if test="billType != null">
				AND rte.bill_type = #{billType}
			</if>
			<if test="bindState != null">
				AND aar.bind_state = #{bindState}
			</if>
		</where>
	</select> -->
	<!-- 通过流量包参数查询 -->
	<sql id="pg_for_purchase_po">
		AND pg_in_service = 1
		<!-- <if test="operatorName != null">
			AND pg.operator_name = #{operatorName}
		</if> -->
		<if test="operatorType != null">
			AND pg.operator_type = #{operatorType}
		</if>
		<if test="serviceType != null">
			AND pg.service_type = #{serviceType}
		</if>
	</sql>
	<!-- 通过运营商类型查询 -->
	<sql id="pg_for_purchase_type">
		pg_in_service = 1
		<if test="_parameter != null">
			AND pg.operator_type = #{_parameter}
		</if>
	</sql>
	
	<!-- 查询总记录数 -->
	<select id="pgList_size" resultType="int">
		select count(*) from<include refid="t_pg"></include>
		 <where>
   		 	<include refid="condition_sql"></include>
   		 </where>
	</select>
	<!-- 根据运营商类型查询通道规格列表 -->
	<select id="getPgInCode" parameterType="map" resultType="java.lang.Integer">
		select pg_size from <include refid="t_pg"></include> pg
		inner join <include refid="t_pCode"></include> pc
		on pg.id = pc.pg_id
		<where>
			<include refid="getPgInCode_sql"></include>
		</where>
	</select>
	<sql id="getPgInCode_sql">
		<if test="operatorType != null">
			AND pg.operator_type = #{operatorType}
		</if>
		<if test="serviceType != null">
			AND pg.service_type = #{serviceType}
		</if>
		<if test="epId != null">
			AND pc.ep_id = #{epId}
		</if>
		<if test="scopeCityCode != null">
			AND pc.scope_city_code = #{scopeCityCode}
		</if>
	</sql>
	
	<!-- 查询where语句块 -->
	<sql id="condition_sql">
		<if test="operatorName != null">
			AND operator_name LIKE CONCAT('%', TRIM(#{operatorName}), '%')
		</if>
		<if test="pgSize != null">
			AND pg_size = #{pgSize}
		</if>
		<!-- <if test="scopeCityName != null">
			AND scope_city_name LIKE CONCAT('%', TRIM(#{scopeCityName}), '%')
		</if> -->
		<if test="id != null">
			AND pg.id = #{id}
		</if>
		<if test="operatorType != null">
			AND operator_type = #{operatorType}
		</if>
		<if test="serviceType != null">
			AND service_type = #{serviceType}
		</if>
		<if test="pgInService != null">
			AND pg_in_service = #{pgInService}
		</if>
		<if test="pgPrice != null">
			AND pg_price = #{pgPrice}
		</if>
	</sql>
 <!-- 查询某个平台没有设置产品编码的包体 -->
 <select id="listPgListNotInPcode" parameterType="map" resultMap="BaseResultMap">
 	select <include refid="Base_Column_List"></include> 
 	from <include refid="t_pg"></include> pg
 	<where>
 		pg.id not IN (SELECT pg_id from <include refid="t_pCode"></include>  
		<where>
			<if test="epId != null">
				ep_id = #{epId}
			</if>
			<if test="scopeCityCode != null">
				AND scope_city_code = #{scopeCityCode}
			</if>
		</where>)
		<if test="operatorType != null">
			AND operator_type = #{operatorType}
		</if>
		<if test="serviceType != null">
			AND service_type = #{serviceType}
		</if>
 	</where>
 </select>
 <!-- 通过通道查询包体 -->
 <select id="listPgListInPcode" parameterType="map" resultMap="OtherMap">
 	select <include refid="myCnelPg_Column_List"></include> 
 	from <include refid="t_pg"></include> pg
 	inner join <include refid="t_pCode"></include> pc
 	on pc.pg_id = pg.id
 	INNER JOIN <include refid="t_ep"></include> ep
	on pc.ep_id = ep.id
	INNER JOIN <include refid="t_cnel"></include> cnel
	on ep.id = cnel.ep_id
	INNER join <include refid="t_cd"></include> cd
	ON cnel.id = cd.channel_id
 	<where>
 		 <if test="epName != null">
			AND ep.ep_name = #{epName}
		</if> 
		<if test="operatorType != null">
			AND cd.operator_type = #{operatorType}
			AND pg.operator_type = #{operatorType}
		</if>
		<if test="serviceType != null">
			AND cd.service_type = #{serviceType}
			AND pg.service_type = #{serviceType}
		</if>
		<if test="channelId != null">
			AND cnel.id = #{channelId}
		</if>
		<if test="id != null">
			AND pg.id = #{id}
		</if>
		<if test="scopeCityCode != null">
			AND cd.scope_city_code = #{scopeCityCode}
		</if>
 	</where>
 </select>
 
 <!-- 通过通道id和包体其他参数得到超管的充值包体参数 -->
 <!-- <select id="getPgByChanel" parameterType="map" resultMap="OtherMap">
 	select <include refid="myCnelPg_Column_List"></include>
 	from <include refid="t_pg"></include> pg
	INNER JOIN <include refid="t_pc"></include> pc
	on pc.pg_id = pg.id
	<where>
		pg_size in (SELECT pg_size from <include refid="t_cnel"></include> WHERE id=#{cnelId})
		<if test="operatorType != null">
			AND pg.operator_type = #{operatorType}
		</if>
		<if test="serviceType != null">
			AND pg.service_type = #{serviceType}
		</if>
		<if test="scopeCityCode != null">
			AND pc.scope_city_code = #{scopeCityCode}
		</if>
	</where> 
 </select> -->
 	
</mapper>
