<?xml version="1.0" encoding="UTF-8"?>
<!DOCTYPE mapper   
    PUBLIC "-//mybatis.org//DTD Mapper 3.0//EN"   
    "http://mybatis.org/dtd/mybatis-3-mapper.dtd">

<mapper namespace="com.weizu.flowsys.web.agency.dao.AgencyVODaoInterface">

<sql id="agency_backward">agency_backward</sql>
<sql id="t_account">charge_account</sql>
<sql id="t_active">account_active_rate</sql>
<sql id="t_tba">telrate_bind_account</sql>


  <resultMap id="BaseResultMap" type="com.weizu.flowsys.web.agency.pojo.AgencyBackwardPo">
    <id column="id" jdbcType="INTEGER" property="id" />
    <result column="root_agency_id" jdbcType="INTEGER" property="rootAgencyId" />
    <result column="user_name" jdbcType="VARCHAR" property="userName" />
    <result column="user_pass" jdbcType="VARCHAR" property="userPass" />
    <result column="user_real_name" jdbcType="VARCHAR" property="userRealName" />
    <result column="agency_mark" jdbcType="VARCHAR" property="agencyMark" />
    <result column="agency_tel" jdbcType="VARCHAR" property="agencyTel" />
    <result column="other_contact" jdbcType="VARCHAR" property="otherContact" />
    <result column="user_email" jdbcType="VARCHAR" property="userEmail" />
    <result column="agency_ip" jdbcType="VARCHAR" property="agencyIp" />
    <!-- <result column="rate_id" jdbcType="BIGINT" property="rateId" /> -->
    <result column="agency_tag" jdbcType="INTEGER" property="agencyTag" />
    <result column="verify_code" property="verifyCode" />
    <result column="user_api_key" property="userApiKey" />
    <result column="create_time" property="createTime" />
    <result column="call_back_ip" property="callBackIp" />
  </resultMap>
  <sql id="Base_Column_List">
    id, root_agency_id,user_api_key, user_name, user_pass, user_real_name, agency_mark, agency_tel, other_contact, user_email, 
    agency_ip, agency_tag, call_back_ip, create_time, verify_code
  </sql>
  <sql id="AgencyAccount_Column_List">
    agb.id, root_agency_id,user_api_key, agb.user_name, user_pass, user_real_name, agb.agency_tel, other_contact, user_email, 
    agb.agency_ip, agb.agency_tag, agb.call_back_ip, agb.create_time, agb.verify_code
  </sql>
  

<!-- 查询父级代理商实体 -->
<select id="getRootAgencyById" parameterType="int" resultMap="BaseResultMap">
	select <include refid="Base_Column_List"></include>
	FROM <include refid="agency_backward"></include>
	<where>
		id = (SELECT root_agency_id from <include refid="agency_backward"></include>
		 WHERE id= #{_parameter})
	</where>
</select>

<select id="getAgencyByAccountId" parameterType="int" resultMap="BaseResultMap">
	select <include refid="AgencyAccount_Column_List"></include>
	from <include refid="agency_backward"></include> agb
	inner join <include refid="t_account"></include> act
	on act.agency_id = agb.id
	<where>
		act.id = #{_parameter}
	</where>
</select>
  
  <resultMap id="OtherMap" type="com.weizu.flowsys.web.agency.pojo.AgencyBackwardVO">
    <id column="id" jdbcType="INTEGER" property="id" />
    <result column="root_agency_id" jdbcType="INTEGER" property="rootAgencyId" />
    <result column="user_name" jdbcType="VARCHAR" property="userName" />
    <result column="user_pass" jdbcType="VARCHAR" property="userPass" />
    <result column="user_real_name" jdbcType="VARCHAR" property="userRealName" />
    <result column="agency_tel" jdbcType="VARCHAR" property="agencyTel" />
    <result column="user_email" jdbcType="VARCHAR" property="userEmail" />
    <result column="agency_ip" jdbcType="VARCHAR" property="agencyIp" />
    <!-- <result column="rate_id" jdbcType="BIGINT" property="rateId" /> -->
    <!-- <result column="bill_rate_id" jdbcType="BIGINT" property="billRateId" /> -->
    <result column="account_credit" jdbcType="DOUBLE" property="accountCredit" />
    <result column="agency_tag" jdbcType="INTEGER" property="agencyTag" />
    <result column="agency_mark" jdbcType="VARCHAR" property="agencyMark" />
    <result column="account_balance" jdbcType="DOUBLE" property="accountBalance" />
    <result column="create_time" property="createTime" />
     <result column="user_api_key" property="userApiKey" />
    <result column="verify_code" property="verifyCode" />
    <result column="bill_type" property="billType" />
    <result column="cacId" property="accountId" />
    <result column="call_back_ip" property="callBackIp" />
  </resultMap>
  <sql id="other_Column_List">
    agb.id,agb.agency_tag, root_agency_id, user_name,agb.agency_mark, user_real_name, agency_tel, user_email, 
    agency_ip, account_credit, account_balance, cac.create_time, cac.bill_type,cac.id cacId,call_back_ip
  </sql>
  <!-- 查询没有绑定的代理商 -->
  <resultMap id="UnbindMap" type="com.weizu.flowsys.web.agency.pojo.AgencyBackwardVO">
    <!-- <id column="id" jdbcType="INTEGER" property="id" /> -->
    <result column="user_name" jdbcType="VARCHAR" property="userName" />
    <result column="user_real_name" jdbcType="VARCHAR" property="userRealName" />
    <result column="agency_mark" jdbcType="VARCHAR" property="agencyMark" />
    <result column="agency_tel" jdbcType="VARCHAR" property="agencyTel" />
    <result column="user_email" jdbcType="VARCHAR" property="userEmail" />
    <result column="account_id" jdbcType="INTEGER" property="accountId" />
    <result column="bill_type" jdbcType="INTEGER" property="billType" />
    <!-- <result column="agency_ip" jdbcType="VARCHAR" property="agencyIp" /> -->
    <result column="active_time" property="createTime" />
  </resultMap>
  <sql id="Unbind_Column_List">
   act.id account_id,a2.user_name,a2.user_email,a2.user_real_name,a2.agency_mark,active1.active_time,a2.agency_tel,act.bill_type
  </sql>
  <sql id="Nobind_Column_List">
   act2.id account_id,a2.user_name,a2.user_email,a2.user_real_name,a2.agency_mark,a2.agency_tel,act2.bill_type
  </sql>
  <!-- 查看邀请码是否符合条件 -->
  <select id="checkVerifyCode" parameterType="map" resultType = "int">
  	select count(*) from <include refid="agency_backward"></include>
  	<where>
  		<if test="verifyCode != null">
  			verify_code = #{verifyCode}
  		</if>
  		<if test="userName != null">
  			or user_name = #{userName}
  		</if>
  	</where>
  </select>
  
  <!-- 查询没有绑定话费折扣的代理商 -->
  <select id="getNoBTelAgency" parameterType="map" resultMap="UnbindMap">
  	SELECT <include refid="Nobind_Column_List"></include> 
  	 FROM <include refid="agency_backward"></include> a2
  	 inner join <include refid="t_account"></include> act2
  	on a2.id=act2.agency_id
  	 <where>
  	 	a2.root_agency_id = #{rootAgencyId}
  	 	AND a2.id not in (select act.agency_id from <include refid="t_tba"></include> active
  	 	inner join <include refid="t_account"></include> act
  		on active.account_id=act.id
  		<!-- INNER join <include refid="agency_backward"></include> a1
   		on a1.id = act.agency_id -->
  	 	<where>
 			<if test="telRateId != null">
 				 AND active.tel_rate_id= #{telRateId}
 			</if>
  	 	</where>)
 		<if test="userName != null">
 			AND a2.user_name like concat('%',#{userName},'%') 
 		</if>
 		<if test="rateFor != null">
 			AND a2.agency_tag = #{rateFor}
 		</if>
 		<if test="billType != null">
 			AND act2.bill_type = #{billType}
 		</if>
  	 	<if test="agencyMark != null">
 			AND a2.agency_mark like concat('%',#{agencyMark},'%')
 		</if>
  	 	<if test="start != null">
		 	limit #{start}
		 </if>
		 <if test="end != null">
		 	, #{end}
		 </if>
  	 </where>
  </select>
  <!-- 查询没有绑定话费折扣的代理商 -->
  <select id="countNoBTelAgency" parameterType="map" resultType="int">
  	SELECT count(*)
  	 FROM <include refid="agency_backward"></include> a2
  	 inner join <include refid="t_account"></include> act2
  	on a2.id=act2.agency_id
  	 <where>
  	 	a2.root_agency_id = #{rootAgencyId}
  	 	AND a2.id not in (select act.agency_id from <include refid="t_tba"></include> active
  	 	inner join <include refid="t_account"></include> act
  		on active.account_id=act.id
  		<!-- INNER join <include refid="agency_backward"></include> a1
   		on a1.id = act.agency_id -->
  	 	<where>
 			<if test="telRateId != null">
 				 AND active.tel_rate_id= #{telRateId}
 			</if>
  	 	</where>)
 		<if test="userName != null">
 			AND a2.user_name like concat('%',#{userName},'%') 
 		</if>
 		<if test="rateFor != null">
 			AND a2.agency_tag = #{rateFor}
 		</if>
 		<if test="billType != null">
 			AND act2.bill_type = #{billType}
 		</if>
  	 	<if test="agencyMark != null">
 			AND a2.agency_mark like concat('%',#{agencyMark},'%')
 		</if>
  	 </where>
  </select>
  <!-- 查询没有绑定的代理商 -->
  <select id="getNoBAgency" parameterType="map" resultMap="UnbindMap">
  	SELECT <include refid="Nobind_Column_List"></include> 
  	 FROM <include refid="agency_backward"></include> a2
  	 inner join <include refid="t_account"></include> act2
  	on a2.id=act2.agency_id
  	 <where>
  	 	a2.root_agency_id = #{rootAgencyId}
  	 	AND a2.id not in (select act.agency_id from <include refid="t_active"></include> active
  	 	inner join <include refid="t_account"></include> act
  		on active.account_id=act.id
  		<!-- INNER join <include refid="agency_backward"></include> a1
   		on a1.id = act.agency_id -->
  	 	<where>
 			<if test="rateDiscountId != null">
 				 AND active.rate_discount_id= #{rateDiscountId}
 			</if>
  	 	</where>)
 		<if test="userName != null">
 			AND a2.user_name like concat('%',#{userName},'%') 
 		</if>
 		<if test="agencyTag != null">
 			AND a2.agency_tag = #{agencyTag}
 		</if>
 		<if test="billType != null">
 			AND act2.bill_type = #{billType}
 		</if>
  	 	<if test="agencyMark != null">
 			AND a2.agency_mark like concat('%',#{agencyMark},'%')
 		</if>
  	 	<if test="start != null">
		 	limit #{start}
		 </if>
		 <if test="end != null">
		 	, #{end}
		 </if>
  	 </where>
  </select>
  <select id="countNoBAgency" parameterType="map" resultType="int">
  	SELECT count(*)
  	 FROM <include refid="agency_backward"></include> a2
  	 inner join <include refid="t_account"></include> act2
  	on a2.id=act2.agency_id
  	 <where>
  	 a2.root_agency_id = #{rootAgencyId}
  	 AND a2.id not in (select act.agency_id from <include refid="t_active"></include> active
  	 	inner join <include refid="t_account"></include> act
  		on active.account_id=act.id
  		<!-- INNER join <include refid="agency_backward"></include> a1
   		on a1.id = act.agency_id -->
  	 	<where>
 			<if test="rateDiscountId != null">
				 AND active.rate_discount_id= #{rateDiscountId}
 			</if>
  	 	</where>)
  	 	<if test="billType != null">
 			AND act2.bill_type = #{billType}
 		</if>
 		<if test="userName != null">
 			AND a2.user_name like concat('%',#{userName},'%') 
 		</if>
 		<if test="agencyMark != null">
 			AND a2.agency_mark like concat('%',#{agencyMark},'%')
 		</if>
 		<if test="agencyTag != null">
 			AND a2.agency_tag = #{agencyTag}
 		</if>
  	 </where>
  </select>
  
  <!-- 查询与该折扣解绑的代理商 -->
  <select id="getUnbindAgency" parameterType="map" resultMap="UnbindMap">
  	SELECT <include refid="Unbind_Column_List"></include>  
  	from  <include refid="t_active"></include> active1
  	inner join <include refid="t_account"></include> act
  	on active1.account_id=act.id
  	INNER join <include refid="agency_backward"></include> a2
   	on a2.id = act.agency_id
   	<where>
   		<if test="rootAgencyId != null">
   			AND active1.bind_agency_id = #{rootAgencyId}
   		</if>
   		<if test="rateDiscountId != null">
   			AND active1.rate_discount_id = #{rateDiscountId}
   		</if>
   		<if test="userName != null">
   			AND act.user_name like concat('%',#{userName},'%')
   		</if>
   		<if test="billType != null">
   			AND act.bill_type = #{billType}
   		</if>
   		<if test="agencyTag != null">
 			AND a2.agency_tag = #{agencyTag}
 		</if>
   		<if test="agencyMark != null">
 			AND a2.agency_mark like concat('%',#{agencyMark},'%')
 		</if>
   			AND active1.bind_state = 1
   		<if test="start != null">
		 	limit #{start}
		 </if>
		 <if test="end != null">
		 	, #{end}
		 </if>
   		<!-- <if test="bindState != null">
   		</if> -->
   	</where>
  </select>
  <!-- 查询与该话费折扣解绑的代理商 -->
  <select id="getUnbindTelAgency" parameterType="map" resultMap="UnbindMap">
  	SELECT <include refid="Unbind_Column_List"></include>  
  	from  <include refid="t_tba"></include> active1
  	inner join <include refid="t_account"></include> act
  	on active1.account_id=act.id
  	INNER join <include refid="agency_backward"></include> a2
   	on a2.id = act.agency_id
   	<where>
   		<if test="rootAgencyId != null">
   			AND active1.bind_agency_id = #{rootAgencyId}
   		</if>
   		<if test="telRateId != null">
   			AND active1.tel_rate_id = #{telRateId}
   		</if>
   		<if test="userName != null">
   			AND act.user_name like concat('%',#{userName},'%')
   		</if>
   		<if test="billType != null">
   			AND act.bill_type = #{billType}
   		</if>
   		<if test="rateFor != null">
 			AND a2.agency_tag = #{rateFor}
 		</if>
   		<if test="agencyMark != null">
 			AND a2.agency_mark like concat('%',#{agencyMark},'%')
 		</if>
   			AND active1.bind_state = 1
   		<if test="start != null">
		 	limit #{start}
		 </if>
		 <if test="end != null">
		 	, #{end}
		 </if>
   	</where>
  </select>
  <select id="countUnbindTelAgency" parameterType="map" resultType="int">
  	SELECT count(*) 
  	from  <include refid="t_tba"></include> active1
  	inner join <include refid="t_account"></include> act
  	on active1.account_id=act.id
  	INNER join <include refid="agency_backward"></include> a2
   	on a2.id = act.agency_id
   	<where>
   		<if test="rootAgencyId != null">
   			AND active1.bind_agency_id = #{rootAgencyId}
   		</if>
   		<if test="telRateId != null">
   			AND active1.tel_rate_id = #{telRateId}
   		</if>
   		<if test="userName != null">
   			AND act.user_name like concat('%',#{userName},'%')
   		</if>
   		<if test="billType != null">
   			AND act.bill_type = #{billType}
   		</if>
   		<if test="rateFor != null">
 			AND a2.agency_tag = #{rateFor}
 		</if>
   		<if test="agencyMark != null">
 			AND a2.agency_mark like concat('%',#{agencyMark},'%')
 		</if>
   			AND active1.bind_state = 1
   	</where>
  </select>
  
   <select id="countUnbindAgency" parameterType="map" resultType="int">
   	SELECT count(*) from <include refid="t_active"></include> active1
   	inner join <include refid="t_account"></include> act
  	on active1.account_id=act.id
  	INNER join <include refid="agency_backward"></include> a2
   	on a2.id = act.agency_id
   	<where>
   		<if test="rootAgencyId != null">
   			AND active1.bind_agency_id = #{rootAgencyId}
   		</if>
   		<if test="rateDiscountId != null">
   			AND active1.rate_discount_id = #{rateDiscountId}
   		</if>
   		<if test="userName != null">
   			AND a2.user_name like concat('%',#{userName},'%')
   		</if>
   		<if test="agencyTag != null">
 			AND a2.agency_tag = #{agencyTag}
 		</if>
 		<if test="agencyMark != null">
 			AND a2.agency_mark like concat('%',#{agencyMark},'%')
 		</if>
 		<if test="billType != null">
   			AND act.bill_type = #{billType}
   		</if>
   			AND active1.bind_state = 1
   		<!-- <if test="bindState != null">
   		</if> -->
   	</where>
   </select>
 <!--  SELECT a2.id,a2.user_name,a2.user_email,a2.user_real_name,a2.create_time from agency_active_rate active1
INNER join agency_backward a2 
on a2.id = active1.agency_id
WHERE a2.root_agency_id=4 and active1.rate_discount_id=22 and active1.bind_state = 1 -->
  
  
  
  <!-- 通过邀请码查询代理商 id-->
  <select id="getAgencyIdByVerifyCode" resultType="java.lang.Integer" parameterType="java.lang.String">
  	select id from <include refid="agency_backward"></include>
  	<where>
  		<if test="_parameter != null">
  			verify_code = #{_parameter}
  		</if>
  	</where>
  </select>
  <update id="updatePass" parameterType="map">
  	update <include refid="agency_backward"></include>
  	<set>
  		<if test="userPass != null">
  			user_pass = #{userPass}
  		</if>
  	</set>
  	<where>
  		id = #{id}
  	</where>
  </update>
  <update id="updateAgencyTag" parameterType="map">
  	update <include refid="agency_backward"></include>
  	<set>
  		<if test="agencyTag != null">
  			agency_tag = #{agencyTag}
  		</if>
  		<if test="userApiKey != null">
  			,user_api_key = #{userApiKey}
  		</if>
  	</set>
  	<where>
  		id = #{id}
  	</where>
  </update>
  
  <!-- 更新代理商信息 -->
  <!-- <update id="updateByAgencyPO" parameterType="com.weizu.flowsys.web.agency.pojo.AgencyBackwardPo">
  	update <include refid="agency_backward"></include>
  	<include refid="set_sql"></include>
  	<where>
  		id = #{id}
  	</where>
  </update>
  
  <sql id="set_sql">
  	<set>
  		<if test="verifyCode != null">
  			verify_code = #{verifyCode},
  		</if>
  		<if test="userName != null">
  			user_name = #{userName},
  		</if>
  		<if test="userPass != null">
  			user_pass = #{userPass},
  		</if>
  		<if test="userRealName != null">
  			user_real_name = #{userRealName},
  		</if>
  		<if test="agencyTel != null">
  			agency_tel = #{agencyTel},
  		</if>
  		<if test="userEmail != null">
  			user_email = #{userEmail},
  		</if>
  		<if test="agencyIp != null">
  			agency_ip = #{agencyIp},
  		</if>
  		<if test="agencyIp != null">
  			agency_ip = #{agencyIp},
  		</if>
  		<if test="rateId != null">
  			rate_id = #{rateId},
  		</if>
  	</set>
  </sql> -->
  <!-- 查询代理商列表 -->
  <select id="selectByAgencyVO" parameterType="map" resultMap="OtherMap">
    select 
    <include refid="other_Column_List" />
    from <include refid="agency_backward"></include> agb
    inner join
    <include refid="t_account"></include> cac
    on agb.id=cac.agency_id
    <where>
   		 <include refid="condition_sql"></include>
   	</where>
     order by cac.create_time DESC, agb.user_name
	 <if test="start != null">
	 	limit #{start}
	 </if>
	 <if test="end != null">
	 	, #{end}
	 </if>
	 <if test="start == null &amp; end == null">
	 	limit 0,10
	 </if> 
  </select>
  <!-- 查询自己账户信息 -->
  <select id="selectAgencyByPo" parameterType="com.weizu.flowsys.web.agency.pojo.AgencyBackwardPo" resultMap="OtherMap">
    select 
    <include refid="other_Column_List" />
    from <include refid="agency_backward"></include> agb
    inner join
    <include refid="t_account"></include> cac
    on agb.id=cac.agency_id
    <where>
   		 <include refid="condition_sql"></include>
   	</where>
  </select>
  <!-- 查询下级代理商的全部信息 -->
  <!-- 查询代理商个数 -->
  <select id="countByAgencyVO" parameterType="map" resultType="java.lang.Integer">
    select 
    count(*)
    from <include refid="agency_backward"></include> agb
    inner join
    <include refid="t_account"></include> cac
    on agb.id=cac.agency_id
    <where>
   		 <include refid="condition_sql"></include>
   	</where>
    </select>
 	<!-- 批量查询代理商基本信息:用户名 -->
 	<select id="getBatchAgency" parameterType="com.weizu.flowsys.web.agency.pojo.AgencyBackwardPo" resultMap="BaseResultMap" >
 		select user_name from <include refid="agency_backward"></include>
 		<where>
 			<if test="agencyIds != null">
 				AND id in <foreach item="agencyId" index="index" collection="agencyIds" open="(" separator="," close=")">#{agencyId}</foreach>
 			</if>
 		</where>
 	</select>
 	
 	<!-- 查询where语句块 -->
	<sql id="condition_sql">
		<if test="userName != null">
			AND (agb.user_name LIKE CONCAT('%', TRIM(#{userName}), '%') or agb.user_real_name LIKE CONCAT('%', TRIM(#{userName}), '%') )
		</if>
		<if test="rootAgencyId != null">
			AND root_agency_id = #{rootAgencyId}
		</if>
		<if test="agencyTag != null">
			AND agb.agency_tag = #{agencyTag}
		</if>
		<if test="agencyMark != null">
 			AND agb.agency_mark like concat('%',#{agencyMark},'%')
 		</if>
		<if test="billType != null">
			AND cac.bill_type = #{billType}
		</if>
		<if test="id != null">
			AND cac.id = #{id}
		</if>
	</sql>
	<!-- 查询是否id属于二级代理商以下(限制登陆用户权限) -->
	<select id="checkSecondAgency" parameterType="java.lang.Integer" resultType="java.lang.Integer">
		select count(*) from <include refid="agency_backward"></include>
		where root_agency_id not IN (select id from agency_backward WHERE root_agency_id=0)
		AND root_agency_id !=0 and id = #{_parameter}
	</select>
	
	<!-- 查询是否属于二级代理商（接口用户）,是否可以通过接口传单 -->
	<select id="getSecondAgency" parameterType="map" resultMap="BaseResultMap">
		select <include refid="Base_Column_List"></include> from <include refid="agency_backward"></include> 
		<where>
			 root_agency_id IN (select id from <include refid="agency_backward"></include>
			<where>
				 AND root_agency_id=0
			</where>)
			<if test="id != null">
				AND id = #{id}
			</if>
			<if test="userName != null">
				AND user_name = #{userName}
			</if>
			<if test="agencyTag != null"><!-- 应该传1-接口用户，已认证 -->
				AND agency_tag = #{agencyTag}
			</if>
		</where>
	</select>
	
</mapper>
