<?xml version="1.0" encoding="UTF-8" ?>
<!DOCTYPE mapper PUBLIC "-//mybatis.org//DTD Mapper 3.0//EN" "http://mybatis.org/dtd/mybatis-3-mapper.dtd" >
<mapper namespace="com.weizu.flowsys.web.channel.dao.ChannelChannelDao" >
  <sql id="t_channel">channel_channel</sql>
 	<sql id="t_scope">service_scope</sql>
 	<sql id="t_discount">channel_discount</sql>
 	<!-- <sql id="t">rate_discount</sql> -->
 	<sql id="t_ep">exchange_platform</sql>
 	<sql id="t_pg">operator_pg_data</sql>
 	<sql id="t_cbp">cnel_bind_pg</sql>
  
  <resultMap id="BaseResultMap" type="com.weizu.flowsys.web.channel.pojo.ChannelChannelPo" >
    <id column="id" property="id" jdbcType="BIGINT" />
    <result column="channel_name" property="channelName" jdbcType="VARCHAR" />
    <result column="special_tag" property="specialTag" jdbcType="VARCHAR" />
    <result column="ep_id" property="epId" jdbcType="INTEGER" />
    <result column="channel_total_use" property="channelTotalUse" jdbcType="INTEGER" />
    <result column="channel_total_amount" property="channelTotalAmount" jdbcType="DOUBLE" />
    <result column="channel_total_profit" property="channelTotalProfit" jdbcType="DOUBLE" />
    <result column="channel_balance" property="channelBalance" jdbcType="DOUBLE" />
    <result column="channel_state" property="channelState" jdbcType="INTEGER" />
    <result column="channel_use_state" property="channelUseState" jdbcType="INTEGER" />
    <result column="last_access" property="lastAccess" jdbcType="BIGINT" />
    <result column="belong_agency_id" property="belongAgencyId" jdbcType="INTEGER" />
    <result column="ep_name" property="epName" jdbcType="VARCHAR" />
    <collection property="discountList" resultMap="com.weizu.flowsys.web.channel.dao.ChannelDiscountDao.BaseResultMap"></collection>
  </resultMap>
  <sql id="Base_Column_List" >
    channel.id, channel.channel_name, special_tag, ep_id, channel_total_use, channel_total_amount, channel_total_profit, 
    channel_balance, channel_state, channel_use_state, channel.last_access,belong_agency_id,
    discount.id,channel_id,scope_city_code,channel_discount,operator_type,service_type,discount.bill_type,discount.channel_type,
    ep.ep_name ep_name
  </sql>
  <!-- 通道充值页面返回实体 -->
  <resultMap id="ChargeResultMap" type="com.weizu.flowsys.web.channel.pojo.ChargeChannelPo" >
    <id column="id" property="id" jdbcType="BIGINT" />
    <id column="cd_id" property="cdId" jdbcType="BIGINT" />
    <result column="channel_name" property="channelName" jdbcType="VARCHAR" />
    <result column="special_tag" property="specialTag" jdbcType="VARCHAR" />
    <result column="ep_id" property="epId" jdbcType="INTEGER" />
    <result column="ep_name" property="epName" jdbcType="VARCHAR" />
    <result column="channel_discount" property="channelDiscount" jdbcType="DOUBLE" />
  </resultMap>
  <sql id="Charge_Colume_List">
  	cnel.id,cd.id cd_id,cnel.channel_name,cnel.special_tag,cnel.ep_id,ep.ep_name,cd.channel_discount
  </sql>
  
  <resultMap id="SpecialCnelResultMap" type="com.weizu.flowsys.web.channel.pojo.SpecialCnelType" >
    <result column="channel_id" property="channelId" jdbcType="BIGINT" />
    <result column="channel_type" property="channelType" jdbcType="INTEGER" />
  </resultMap>
  <sql id="SpecialCnel_Colume_List">
  	cd.channel_id channel_id,cd.channel_type
  </sql>
  
  <!-- 获得特殊通道类型 -->
  <select id="getSpecialCnelType" parameterType="map" resultMap="SpecialCnelResultMap">
  	select <include refid="SpecialCnel_Colume_List"></include> 
  	from <include refid="t_channel"></include> cnel
	INNER JOIN <include refid="t_discount"></include> cd
	on cnel.id=cd.channel_id
	<where>
		<if test="#{cnelType != null}">
			AND cd.channel_type != #{cnelType}
		</if>
		<if test="#{channelUseState != null}">
			AND cnel.channel_use_state = #{channelUseState}
		</if>
	</where>
  </select>
  
  <resultMap id="SpecialOpdResultMap" type="com.weizu.flowsys.web.channel.pojo.SpecialOpdType" >
    <result column="channel_id" property="channelId" jdbcType="BIGINT" />
    <result column="pg_type" property="pgType" jdbcType="INTEGER" />
    <result column="pg_validity" property="pgValidity" jdbcType="VARCHAR" />
  </resultMap>
  <sql id="SpecialOpd_Colume_List">
  	cbp.channel_id,opd.pg_type,opd.pg_validity
  </sql>
  
  <!-- 获得特殊包体类型 -->
  <select id="getSpecialOpdType" parameterType="map" resultMap="SpecialOpdResultMap">
  	select <include refid="SpecialOpd_Colume_List"></include> 
    FROM <include refid="t_cbp"></include> cbp 
    INNER JOIN <include refid="t_channel"></include> chnel
	on chnel.id=cbp.channel_id
	INNER JOIN <include refid="t_pg"></include> opd
	on cbp.pg_id=opd.id 
	<where>
		<if test="#{pgType != null}">
		  AND opd.pg_type != #{pgType}
		</if>
		<if test="#{pgValidity != null}">
		or opd.pg_validity != #{pgValidity}
		</if>
		<if test="#{channelUseState != null}">
			AND chnel.channel_use_state = #{channelUseState}
		</if>
	</where>
  </select>
  
  <!-- <resultMap id="SimpleChannelMap" type="com.weizu.flowsys.web.channel.pojo.ChannelChannelPo" >
  	<id column="id" property="id" jdbcType="BIGINT" />
    <result column="channel_name" property="channelName" jdbcType="VARCHAR" />
    <result column="operator_type" property="operatorType" jdbcType="VARCHAR" />
    <result column="scope_city_code" property="scopeCityCode" jdbcType="VARCHAR" />
  </resultMap>
   简易通道信息
   <sql id="Simple_Column_List" >
    discount.id, channel.channel_name,discount.channel_discount
    ,discount.operator_type,discount.scope_city_code
  </sql>
  查询简易通道信息
  <select id="listSimpleChannel" resultMap="SimpleChannelMap">
  	select <include refid="Simple_Column_List"></include>
  	from <include refid="t_channel"></include> channel
  	inner join <include refid="t_discount"></include> discount
  	on channel.id = discount.channel_id
  	<where>
  		<include refid="condition_sql"></include>
  	</where>
  	order by channel.id desc
  </select> -->
  
  <select id="list_channel_channel" parameterType="com.weizu.flowsys.web.channel.pojo.ChannelChannelPo" resultMap="BaseResultMap">
  	select <include refid="Base_Column_List"></include>
  	from <include refid="t_ep"></include> ep 
  	inner join	<include refid="t_channel"></include> channel
  	on channel.ep_id = ep.id
  	inner join <include refid="t_discount"></include> discount
  	on channel.id = discount.channel_id
  	<where>
  		<include refid="condition_sql"></include>
  	</where>
  	order by channel.id desc
  	<if test="start != null">
	 	limit #{start}
	 </if>
	 <if test="end != null">
	 	, #{end}
	 </if>
	 <if test="start == null &amp; end == null">
	 	limit 0,10
	 </if> 
  </select>
  <!-- 通道充值页面返回实体 -->
  <select id="list_charge_channel" parameterType="map" resultMap="ChargeResultMap">
  	select <include refid="Charge_Colume_List"></include>
  	from <include refid="t_ep"></include> ep 
  	inner join	<include refid="t_channel"></include> cnel
  	on cnel.ep_id = ep.id
  	inner join <include refid="t_discount"></include> cd
  	on cnel.id = cd.channel_id
  	<where>
  		AND cnel.id IN 
	(SELECT cbg.channel_id from <include refid="t_pg"></include> opd
	INNER JOIN <include refid="t_cbp"></include> cbg
	on cbg.pg_id=opd.id 
	<where>
		<if test="pgType != null">
			AND opd.pg_type=#{pgType}
		</if>
		<if test="pgValidity != null">
			AND opd.pg_validity=#{pgValidity}
		</if>
	</where>)
	 	<if test="epName != null">
	 		AND ep.ep_name = #{epName}
	 	</if>
	 	<!-- <if test="epFor != null">
	 		AND ep.ep_for = #{epFor}
	 	</if> -->
	 	<if test="channelType != null">
	  		AND cd.channel_type = #{channelType}
	  	</if>
	 	<if test="operatorType != null">
  		AND cd.operator_type = #{operatorType}
	  	</if>
	  	<if test="serviceType != null">
	  		AND cd.service_type = #{serviceType}
	  	</if>
	  	<if test="scopeCityCode != null">
	  		AND cd.scope_city_code = #{scopeCityCode}
	  	</if>
	  	<if test="channelState != null">
	  		AND cnel.channel_state = #{channelState}
	  	</if>
	  	<if test="channelUseState != null">
	  		AND cnel.channel_use_state = #{channelUseState}
	  	</if>
  	</where>
  	order by cnel.id desc
  </select>
  
  <select id="count_channel_channel" parameterType="map" resultType="int">
  	select count(*) from <include refid="t_ep"></include> ep 
  	inner join	<include refid="t_channel"></include> channel
  	on channel.ep_id = ep.id
  	inner join <include refid="t_discount"></include> discount
  	on channel.id = discount.channel_id
  	<where>
  		<include refid="condition_sql"></include>
  	</where>
  </select>
  
  
  <!--  通过通道ID找到所属平台 -->
  <select id="getEpByChannelId" parameterType="java.lang.Long" resultMap="com.weizu.flowsys.web.channel.dao.ExchangePlatformDaoInterface.BaseResultMap">
  	SELECT ep.* 
  	FROM <include refid="t_ep"></include> ep 
  	WHERE ep.id = (SELECT ep_id from <include refid="t_channel"></include>
  	channel where channel.id = #{_parameter})
  </select>
  
   <!-- 更新通道使用状态 -->
  <update id="updateChannelUseState" parameterType="map">
  	update <include refid="t_channel"></include>
  	<set>
  		channel_use_state = #{channelUseState}
  		<if test="lastAccess != null">
  			,last_access = #{lastAccess}
  		</if>
  	</set>
  	<where>
  		id = #{id}
  	</where>
  </update>
  
  <!-- 更新通道状态 -->
  <update id="updateChannelState" parameterType="map">
  	update <include refid="t_channel"></include>
  	<set>
  		channel_state = #{channelState}
  		<if test="lastAccess != null">
  			,last_access = #{lastAccess}
  		</if>
  	</set>
  	<where>
  		id = #{id}
  	</where>
  </update>
  
  <!-- 查询通道列表参数 -->
  <sql id="condition_sql">
  	AND channel.id IN 
	(SELECT cbg.channel_id from <include refid="t_pg"></include> opd
	INNER JOIN <include refid="t_cbp"></include> cbg
	on cbg.pg_id=opd.id 
	<where>
		<if test="pgType != null">
			AND opd.pg_type=#{pgType}
		</if>
		<if test="operatorType != null">
			AND opd.operator_type=#{operatorType}
		</if>
		<if test="pgValidity != null">
			AND opd.pg_validity=#{pgValidity}
		</if>
		<if test="pgSize != null">
			AND opd.pg_size=#{pgSize}
		</if>
	</where>)
  	<if test="channelName != null">
  		AND channel.channel_name like CONCAT('%', TRIM(#{channelName}), '%')
  	</if>
  	<if test="epName != null">
  		AND ep.ep_name like CONCAT('%', TRIM(#{epName}), '%')
  	</if>
  	<!-- <if test="epFor != null">
  		AND ep.ep_for = #{epFor}
  	</if> -->
  	<if test="epEngId != null">
  		AND ep.ep_eng_id = #{epEngId}
  	</if>
  	<if test="channelState != null">
  		AND channel_state = #{channelState}
  	</if>
  	<!-- <if test="scopeCityName != null">
  		AND scope.scope_city_name like CONCAT('%', TRIM(#{scopeCityName}), '%')
  	</if> -->
  	<if test="belongAgencyId != null">
  		AND belong_agency_id = #{belongAgencyId}
  	</if>
  	<if test="discountType != null">
  		AND discount.discount_type = #{discountType}
  	</if>
  	<if test="channelType != null">
  		AND discount.channel_type = #{channelType}
  	</if>
  	<!-- <if test="channelId != null">
  		AND channel.id = #{channelId}
  	</if> -->
  	<if test="operatorType != null">
  		AND discount.operator_type = #{operatorType}
  	</if>
  	<if test="serviceType != null">
  		AND discount.service_type = #{serviceType}
  	</if>
  	<if test="scopeCityCode != null">
  		AND discount.scope_city_code = #{scopeCityCode}
  	</if>
  	<if test="scopeCityCodes != null">
  		AND scope_city_code in
                  <foreach item="item" index="index" collection="scopeCityCodes" 
                         open="(" separator="," close=")">
                        #{item}
                </foreach>
  	</if>
  	
  	
  </sql>
  
  
</mapper>