<?xml version="1.0" encoding="UTF-8"?>
<!DOCTYPE mapper   
    PUBLIC "-//mybatis.org//DTD Mapper 3.0//EN"   
    "http://mybatis.org/dtd/mybatis-3-mapper.dtd">

<mapper namespace="com.weizu.flowsys.web.agency.dao.ChargeAccountDaoInterface">
	
	<sql id="t_account">charge_account</sql>
	<sql id="t_agency">agency_backward</sql>
	<sql id="t_transfer">transfer_record</sql>
   <sql id="t_bct">bank_account</sql>
	
	<resultMap id="BaseResultMap" type="com.weizu.flowsys.web.agency.pojo.ChargeAccountPo">
	   <id column="id" jdbcType="INTEGER" property="id" />
	    <result column="account_balance" jdbcType="DOUBLE" property="accountBalance" />
	    <result column="remittance_way" jdbcType="VARCHAR" property="remittanceWay" />
	    <result column="remittance_bank_account" jdbcType="VARCHAR" property="remittanceBankAccount" />
	    <result column="account_credit" jdbcType="DOUBLE" property="accountCredit" />
	    <result column="agency_id" jdbcType="INTEGER" property="agencyId" />
	    <result column="agency_name" jdbcType="VARCHAR" property="agencyName" />
	    <result column="bill_type" jdbcType="INTEGER" property="billType" />
	 </resultMap>
	 <sql id="Base_Column_List">
    	act.id, act.bill_type, act.account_balance, act.remittance_way, act.remittance_bank_account, act.account_credit, act.agency_id, act.create_time
 	 </sql>
	 
	 <!-- 只把账户余额和信用值查出来 -->
	<resultMap id="OtherMap" type="com.weizu.flowsys.web.agency.pojo.ChargeAccountPo">
	    <id column="id" jdbcType="INTEGER" property="id" />
	    <result column="account_balance" jdbcType="DOUBLE" property="accountBalance" />
	    <result column="account_credit" jdbcType="DOUBLE" property="accountCredit" />
	    <result column="agency_id" jdbcType="INTEGER" property="agencyId" />
	    <result column="agency_name" jdbcType="VARCHAR" property="agencyName" />
	 </resultMap>
	 <sql id="Balance_Account_List">
    	id, account_balance, account_credit,agency_id, agency_name
 	 </sql>
	 <!-- <sql id="Root_Account_List">
    	charge.id, charge.account_balance, charge.account_credit,charge.agency_id
 	 </sql> -->
 	 
 	 <!-- 通过转账记录id找到关联的转账账户 -->
 	 <select id="getAccountByTransferId" parameterType="long" resultMap="BaseResultMap">
 	 	select <include refid="Base_Column_List"></include>
 	 	FROM <include refid="t_account"></include> act
		WHERE id = 
		(SELECT bct.account_id
		FROM <include refid="t_transfer"></include> tfrec
		INNER JOIN <include refid="t_bct"></include> bct
		on tfrec.from_bank_id=bct.id
		<where>
			<!-- <if test=""></if> -->
			tfrec.id = #{_parameter}
		</where>
		)
 	 </select>
 	 
	 
	 <!-- 通过代理商id更新代理商账户信息 -->
	 <update id="updateByAgencyId" parameterType="com.weizu.flowsys.web.agency.pojo.ChargeAccountPo">
	 	update <include refid="t_account"></include>
	 	<set>
	 		<if test="accountBalance != null">
	 			account_balance = #{accountBalance},
	 		</if>
	 	</set>
	 	<where>
	 		<include refid="update_sql"></include>
	 	</where>
	 </update>
	 
	 <sql id="update_sql">
	 	<!-- <if test="agencyId != null">
	 		AND agency_id = #{agencyId}
	 	</if> -->
	 	<if test="id != null">
	 		AND id = #{id}
	 	</if>
	 </sql>
	 <sql id="set_sql">
	 	<set>
	 		<if test="accountBalance != null">
	 			account_balance = #{accountBalance},
	 		</if>
	 		<if test="remittanceBankAccount != null">
	 			remittance_bank_account = #{remittanceBankAccount},
	 		</if>
	 		<if test="remittanceWay != null">
	 			remittance_way = #{remittanceWay},
	 		</if>
	 		<if test="accountCredit != null">
	 			account_credit = #{accountCredit},
	 		</if>
	 	</set>
	 </sql>
	 
	 <select id="selectByAgencyId" parameterType="map" resultMap="OtherMap">
    select 
    <include refid="Balance_Account_List" />
    from charge_account
    where agency_id = #{agencyId,jdbcType=INTEGER}
    and bill_type = #{billType}
  </select>
  
  <!-- 根据当前账户获得相关父级账户信息 -->
	<select id="getRootAccountById" parameterType="map" resultMap="OtherMap">
    select 
    <include refid="Balance_Account_List" />
    from charge_account
    <where>
    	<if test="id != null">
    		 agency_id = 
			(SELECT root_agency_id from agency_backward agb
			INNER JOIN charge_account cat
			on cat.agency_id=agb.id
			WHERE cat.id= #{id}) 
    	</if>
    	<if test="billType != null">
    		 and bill_type= #{billType}
    	</if>
    </where>
  </select>
  
  <!-- 查询父级代理商的相关账户 -->
  <!-- 用父级代理商去连接账户信息，用子账户去查询 -->
  <!-- <select id="getRootAccountById" parameterType="map" resultMap="BaseResultMap">
  	select <include refid="Base_Column_List"></include>
  	FROM <include refid="t_account"></include> act
	INNER JOIN <include refid="t_agency"></include> agency
	on agency.root_agency_id = act.agency_id
	<where>
		<if test="billType != null">
			AND act.bill_type = #{billType}
		</if>
		<if test="id != null">
			AND act.id = #{id}
		</if>
	</where>
  </select> -->
</mapper>