<?xml version="1.0" encoding="UTF-8"?>
<beans xmlns="http://www.springframework.org/schema/beans"
	xmlns:xsi="http://www.w3.org/2001/XMLSchema-instance" xmlns:p="http://www.springframework.org/schema/p"
	xmlns:context="http://www.springframework.org/schema/context"
	xmlns:mvc="http://www.springframework.org/schema/mvc"
	xsi:schemaLocation="http://www.springframework.org/schema/beans  
                        http://www.springframework.org/schema/beans/spring-beans-3.2.xsd  
                        http://www.springframework.org/schema/context  
                        http://www.springframework.org/schema/context/spring-context-3.2.xsd  
                        http://www.springframework.org/schema/mvc  
                        http://www.springframework.org/schema/mvc/spring-mvc-3.2.xsd">
                        
	<!-- 自动扫描该包，使SpringMVC认为包下用了@controller注解的类是控制器,不扫描Service，使用Spring中的Service -->
	<context:component-scan base-package="com.weizu.flowsys.*">
		<context:exclude-filter type="annotation" expression="org.springframework.stereotype.Service"/>
	</context:component-scan>
	
	<!-- 解决请求乱码 -->
	<bean class="org.springframework.web.servlet.mvc.method.annotation.RequestMappingHandlerAdapter">
		<property name="messageConverters">
			<list>
				<bean class="org.springframework.http.converter.StringHttpMessageConverter" /><!--先进行string转换-->
				<bean id="fastJsonHttpMessageConverter" class="com.alibaba.fastjson.support.spring.FastJsonHttpMessageConverter">  
		            <property name="supportedMediaTypes">  
		                <list>  
		                	<value>text/html;charset=UTF-8</value>
		                    <value>application/json;charset=UTF-8</value>  
		                </list>  
		            </property>  
		        </bean> 
			</list>
		</property>
	</bean>  
	<!--避免IE执行AJAX时，返回JSON出现下载文件 -->
	<!-- <bean id="mappingJacksonHttpMessageConverter"
		class="org.springframework.http.converter.json.MappingJacksonHttpMessageConverter">
		<property name="supportedMediaTypes">
			<list>
				<value>text/html;charset=UTF-8</value>
			</list>
		</property>
	</bean>
	启动SpringMVC的注解功能，完成请求和注解POJO的映射
	<bean
		class="org.springframework.web.servlet.mvc.annotation.AnnotationMethodHandlerAdapter">
		<property name="messageConverters">
			<list>
				<ref bean="mappingJacksonHttpMessageConverter" /> JSON转换器
			</list>
		</property>
	</bean> -->
	
	<!-- 处理器映射器 -->
	<!-- 视图解析器（ViewResolver）配置 -->
	<bean class="org.springframework.web.servlet.view.InternalResourceViewResolver">
		<!-- viewClass表示指定jsp页面所使用的标签库 -->
		<property name="viewClass" value="org.springframework.web.servlet.view.JstlView"/>
		<!-- 前缀 -->
		<property name="prefix" value="/WEB-INF/jsp/"/>
		<!-- 后缀 -->
		<property name="suffix" value=".jsp"/>
	</bean>
	
	<!-- 静态资源访问 -->
	<mvc:resources location="/view/" mapping="/view/*.html"/>
	<mvc:default-servlet-handler />
	<mvc:annotation-driven>
	</mvc:annotation-driven>
	
	<!-- 配置文件上传，如果没有使用文件上传可以不用配置，当然如果不配，那么配置文件中也不必引入上传组件包 -->
	<bean id="multipartResolver"  
        class="org.springframework.web.multipart.commons.CommonsMultipartResolver">  
        <!-- 默认编码 -->
        <property name="defaultEncoding" value="utf-8" />  
        <!-- 文件大小最大值 -->
        <property name="maxUploadSize" value="10485760" />
        <!-- 内存中的最大值 -->
        <property name="maxInMemorySize" value="40960" />  
    </bean>
    
    <!-- 拦截 -->
	<!-- <mvc:interceptors>
		防止CC拦截
		<mvc:interceptor>
			<mvc:mapping path="/*"/>
			<bean class="com.aiyi.filter.ddos.CounterDdosFilter" />
		</mvc:interceptor>
		登陆拦截
		<mvc:interceptor>
			<mvc:mapping path="/main.e"/>
			<mvc:mapping path="/manager.e"/>
			<mvc:mapping path="/manager/**"/>
			<mvc:mapping path="/push_shop.e"/>
			<bean class="com.aiyi.filter.login.LoginFilter" />
		</mvc:interceptor>
	</mvc:interceptors> -->

</beans>