[
   {
      "cities":
      [
         {
            "city":"市辖区",
            "cityid":"110100",
            "provinceid":"110000"
         },
         {
            "city":"县",
            "cityid":"110200",
            "provinceid":"110000"
         }

      ],
      "id":1,
      "province":"北京市",
      "provinceid":"110000"
   },
   {
      "cities":
      [
         {
            "city":"市辖区",
            "cityid":"120100",
            "provinceid":"120000"
         },
         {
            "city":"县",
            "cityid":"120200",
            "provinceid":"120000"
         }

      ],
      "id":2,
      "province":"天津市",
      "provinceid":"120000"
   },
   {
      "cities":
      [
         {
            "city":"石家庄市",
            "cityid":"130100",
            "provinceid":"130000"
         },
         {
            "city":"唐山市",
            "cityid":"130200",
            "provinceid":"130000"
         },
         {
            "city":"秦皇岛市",
            "cityid":"130300",
            "provinceid":"130000"
         },
         {
            "city":"邯郸市",
            "cityid":"130400",
            "provinceid":"130000"
         },
         {
            "city":"邢台市",
            "cityid":"130500",
            "provinceid":"130000"
         },
         {
            "city":"保定市",
            "cityid":"130600",
            "provinceid":"130000"
         },
         {
            "city":"张家口市",
            "cityid":"130700",
            "provinceid":"130000"
         },
         {
            "city":"承德市",
            "cityid":"130800",
            "provinceid":"130000"
         },
         {
            "city":"沧州市",
            "cityid":"130900",
            "provinceid":"130000"
         },
         {
            "city":"廊坊市",
            "cityid":"131000",
            "provinceid":"130000"
         },
         {
            "city":"衡水市",
            "cityid":"131100",
            "provinceid":"130000"
         }

      ],
      "id":3,
      "province":"河北省",
      "provinceid":"130000"
   },
   {
      "cities":
      [
         {
            "city":"太原市",
            "cityid":"140100",
            "provinceid":"140000"
         },
         {
            "city":"大同市",
            "cityid":"140200",
            "provinceid":"140000"
         },
         {
            "city":"阳泉市",
            "cityid":"140300",
            "provinceid":"140000"
         },
         {
            "city":"长治市",
            "cityid":"140400",
            "provinceid":"140000"
         },
         {
            "city":"晋城市",
            "cityid":"140500",
            "provinceid":"140000"
         },
         {
            "city":"朔州市",
            "cityid":"140600",
            "provinceid":"140000"
         },
         {
            "city":"晋中市",
            "cityid":"140700",
            "provinceid":"140000"
         },
         {
            "city":"运城市",
            "cityid":"140800",
            "provinceid":"140000"
         },
         {
            "city":"忻州市",
            "cityid":"140900",
            "provinceid":"140000"
         },
         {
            "city":"临汾市",
            "cityid":"141000",
            "provinceid":"140000"
         },
         {
            "city":"吕梁市",
            "cityid":"141100",
            "provinceid":"140000"
         }

      ],
      "id":4,
      "province":"山西省",
      "provinceid":"140000"
   },
   {
      "cities":
      [
         {
            "city":"呼和浩特市",
            "cityid":"150100",
            "provinceid":"150000"
         },
         {
            "city":"包头市",
            "cityid":"150200",
            "provinceid":"150000"
         },
         {
            "city":"乌海市",
            "cityid":"150300",
            "provinceid":"150000"
         },
         {
            "city":"赤峰市",
            "cityid":"150400",
            "provinceid":"150000"
         },
         {
            "city":"通辽市",
            "cityid":"150500",
            "provinceid":"150000"
         },
         {
            "city":"鄂尔多斯市",
            "cityid":"150600",
            "provinceid":"150000"
         },
         {
            "city":"呼伦贝尔市",
            "cityid":"150700",
            "provinceid":"150000"
         },
         {
            "city":"巴彦淖尔市",
            "cityid":"150800",
            "provinceid":"150000"
         },
         {
            "city":"乌兰察布市",
            "cityid":"150900",
            "provinceid":"150000"
         },
         {
            "city":"兴安盟",
            "cityid":"152200",
            "provinceid":"150000"
         },
         {
            "city":"锡林郭勒盟",
            "cityid":"152500",
            "provinceid":"150000"
         },
         {
            "city":"阿拉善盟",
            "cityid":"152900",
            "provinceid":"150000"
         }

      ],
      "id":5,
      "province":"内蒙古自治区",
      "provinceid":"150000"
   },
   {
      "cities":
      [
         {
            "city":"沈阳市",
            "cityid":"210100",
            "provinceid":"210000"
         },
         {
            "city":"大连市",
            "cityid":"210200",
            "provinceid":"210000"
         },
         {
            "city":"鞍山市",
            "cityid":"210300",
            "provinceid":"210000"
         },
         {
            "city":"抚顺市",
            "cityid":"210400",
            "provinceid":"210000"
         },
         {
            "city":"本溪市",
            "cityid":"210500",
            "provinceid":"210000"
         },
         {
            "city":"丹东市",
            "cityid":"210600",
            "provinceid":"210000"
         },
         {
            "city":"锦州市",
            "cityid":"210700",
            "provinceid":"210000"
         },
         {
            "city":"营口市",
            "cityid":"210800",
            "provinceid":"210000"
         },
         {
            "city":"阜新市",
            "cityid":"210900",
            "provinceid":"210000"
         },
         {
            "city":"辽阳市",
            "cityid":"211000",
            "provinceid":"210000"
         },
         {
            "city":"盘锦市",
            "cityid":"211100",
            "provinceid":"210000"
         },
         {
            "city":"铁岭市",
            "cityid":"211200",
            "provinceid":"210000"
         },
         {
            "city":"朝阳市",
            "cityid":"211300",
            "provinceid":"210000"
         },
         {
            "city":"葫芦岛市",
            "cityid":"211400",
            "provinceid":"210000"
         }

      ],
      "id":6,
      "province":"辽宁省",
      "provinceid":"210000"
   },
   {
      "cities":
      [
         {
            "city":"长春市",
            "cityid":"220100",
            "provinceid":"220000"
         },
         {
            "city":"吉林市",
            "cityid":"220200",
            "provinceid":"220000"
         },
         {
            "city":"四平市",
            "cityid":"220300",
            "provinceid":"220000"
         },
         {
            "city":"辽源市",
            "cityid":"220400",
            "provinceid":"220000"
         },
         {
            "city":"通化市",
            "cityid":"220500",
            "provinceid":"220000"
         },
         {
            "city":"白山市",
            "cityid":"220600",
            "provinceid":"220000"
         },
         {
            "city":"松原市",
            "cityid":"220700",
            "provinceid":"220000"
         },
         {
            "city":"白城市",
            "cityid":"220800",
            "provinceid":"220000"
         },
         {
            "city":"延边朝鲜族自治州",
            "cityid":"222400",
            "provinceid":"220000"
         }

      ],
      "id":7,
      "province":"吉林省",
      "provinceid":"220000"
   },
   {
      "cities":
      [
         {
            "city":"哈尔滨市",
            "cityid":"230100",
            "provinceid":"230000"
         },
         {
            "city":"齐齐哈尔市",
            "cityid":"230200",
            "provinceid":"230000"
         },
         {
            "city":"鸡西市",
            "cityid":"230300",
            "provinceid":"230000"
         },
         {
            "city":"鹤岗市",
            "cityid":"230400",
            "provinceid":"230000"
         },
         {
            "city":"双鸭山市",
            "cityid":"230500",
            "provinceid":"230000"
         },
         {
            "city":"大庆市",
            "cityid":"230600",
            "provinceid":"230000"
         },
         {
            "city":"伊春市",
            "cityid":"230700",
            "provinceid":"230000"
         },
         {
            "city":"佳木斯市",
            "cityid":"230800",
            "provinceid":"230000"
         },
         {
            "city":"七台河市",
            "cityid":"230900",
            "provinceid":"230000"
         },
         {
            "city":"牡丹江市",
            "cityid":"231000",
            "provinceid":"230000"
         },
         {
            "city":"黑河市",
            "cityid":"231100",
            "provinceid":"230000"
         },
         {
            "city":"绥化市",
            "cityid":"231200",
            "provinceid":"230000"
         },
         {
            "city":"大兴安岭地区",
            "cityid":"232700",
            "provinceid":"230000"
         }

      ],
      "id":8,
      "province":"黑龙江省",
      "provinceid":"230000"
   },
   {
      "cities":
      [
         {
            "city":"市辖区",
            "cityid":"310100",
            "provinceid":"310000"
         },
         {
            "city":"县",
            "cityid":"310200",
            "provinceid":"310000"
         }

      ],
      "id":9,
      "province":"上海市",
      "provinceid":"310000"
   },
   {
      "cities":
      [
         {
            "city":"南京市",
            "cityid":"320100",
            "provinceid":"320000"
         },
         {
            "city":"无锡市",
            "cityid":"320200",
            "provinceid":"320000"
         },
         {
            "city":"徐州市",
            "cityid":"320300",
            "provinceid":"320000"
         },
         {
            "city":"常州市",
            "cityid":"320400",
            "provinceid":"320000"
         },
         {
            "city":"苏州市",
            "cityid":"320500",
            "provinceid":"320000"
         },
         {
            "city":"南通市",
            "cityid":"320600",
            "provinceid":"320000"
         },
         {
            "city":"连云港市",
            "cityid":"320700",
            "provinceid":"320000"
         },
         {
            "city":"淮安市",
            "cityid":"320800",
            "provinceid":"320000"
         },
         {
            "city":"盐城市",
            "cityid":"320900",
            "provinceid":"320000"
         },
         {
            "city":"扬州市",
            "cityid":"321000",
            "provinceid":"320000"
         },
         {
            "city":"镇江市",
            "cityid":"321100",
            "provinceid":"320000"
         },
         {
            "city":"泰州市",
            "cityid":"321200",
            "provinceid":"320000"
         },
         {
            "city":"宿迁市",
            "cityid":"321300",
            "provinceid":"320000"
         }

      ],
      "id":10,
      "province":"江苏省",
      "provinceid":"320000"
   },
   {
      "cities":
      [
         {
            "city":"杭州市",
            "cityid":"330100",
            "provinceid":"330000"
         },
         {
            "city":"宁波市",
            "cityid":"330200",
            "provinceid":"330000"
         },
         {
            "city":"温州市",
            "cityid":"330300",
            "provinceid":"330000"
         },
         {
            "city":"嘉兴市",
            "cityid":"330400",
            "provinceid":"330000"
         },
         {
            "city":"湖州市",
            "cityid":"330500",
            "provinceid":"330000"
         },
         {
            "city":"绍兴市",
            "cityid":"330600",
            "provinceid":"330000"
         },
         {
            "city":"金华市",
            "cityid":"330700",
            "provinceid":"330000"
         },
         {
            "city":"衢州市",
            "cityid":"330800",
            "provinceid":"330000"
         },
         {
            "city":"舟山市",
            "cityid":"330900",
            "provinceid":"330000"
         },
         {
            "city":"台州市",
            "cityid":"331000",
            "provinceid":"330000"
         },
         {
            "city":"丽水市",
            "cityid":"331100",
            "provinceid":"330000"
         }

      ],
      "id":11,
      "province":"浙江省",
      "provinceid":"330000"
   },
   {
      "cities":
      [
         {
            "city":"合肥市",
            "cityid":"340100",
            "provinceid":"340000"
         },
         {
            "city":"芜湖市",
            "cityid":"340200",
            "provinceid":"340000"
         },
         {
            "city":"蚌埠市",
            "cityid":"340300",
            "provinceid":"340000"
         },
         {
            "city":"淮南市",
            "cityid":"340400",
            "provinceid":"340000"
         },
         {
            "city":"马鞍山市",
            "cityid":"340500",
            "provinceid":"340000"
         },
         {
            "city":"淮北市",
            "cityid":"340600",
            "provinceid":"340000"
         },
         {
            "city":"铜陵市",
            "cityid":"340700",
            "provinceid":"340000"
         },
         {
            "city":"安庆市",
            "cityid":"340800",
            "provinceid":"340000"
         },
         {
            "city":"黄山市",
            "cityid":"341000",
            "provinceid":"340000"
         },
         {
            "city":"滁州市",
            "cityid":"341100",
            "provinceid":"340000"
         },
         {
            "city":"阜阳市",
            "cityid":"341200",
            "provinceid":"340000"
         },
         {
            "city":"宿州市",
            "cityid":"341300",
            "provinceid":"340000"
         },
         {
            "city":"巢湖市",
            "cityid":"341400",
            "provinceid":"340000"
         },
         {
            "city":"六安市",
            "cityid":"341500",
            "provinceid":"340000"
         },
         {
            "city":"亳州市",
            "cityid":"341600",
            "provinceid":"340000"
         },
         {
            "city":"池州市",
            "cityid":"341700",
            "provinceid":"340000"
         },
         {
            "city":"宣城市",
            "cityid":"341800",
            "provinceid":"340000"
         }

      ],
      "id":12,
      "province":"安徽省",
      "provinceid":"340000"
   },
   {
      "cities":
      [
         {
            "city":"福州市",
            "cityid":"350100",
            "provinceid":"350000"
         },
         {
            "city":"厦门市",
            "cityid":"350200",
            "provinceid":"350000"
         },
         {
            "city":"莆田市",
            "cityid":"350300",
            "provinceid":"350000"
         },
         {
            "city":"三明市",
            "cityid":"350400",
            "provinceid":"350000"
         },
         {
            "city":"泉州市",
            "cityid":"350500",
            "provinceid":"350000"
         },
         {
            "city":"漳州市",
            "cityid":"350600",
            "provinceid":"350000"
         },
         {
            "city":"南平市",
            "cityid":"350700",
            "provinceid":"350000"
         },
         {
            "city":"龙岩市",
            "cityid":"350800",
            "provinceid":"350000"
         },
         {
            "city":"宁德市",
            "cityid":"350900",
            "provinceid":"350000"
         }

      ],
      "id":13,
      "province":"福建省",
      "provinceid":"350000"
   },
   {
      "cities":
      [
         {
            "city":"南昌市",
            "cityid":"360100",
            "provinceid":"360000"
         },
         {
            "city":"景德镇市",
            "cityid":"360200",
            "provinceid":"360000"
         },
         {
            "city":"萍乡市",
            "cityid":"360300",
            "provinceid":"360000"
         },
         {
            "city":"九江市",
            "cityid":"360400",
            "provinceid":"360000"
         },
         {
            "city":"新余市",
            "cityid":"360500",
            "provinceid":"360000"
         },
         {
            "city":"鹰潭市",
            "cityid":"360600",
            "provinceid":"360000"
         },
         {
            "city":"赣州市",
            "cityid":"360700",
            "provinceid":"360000"
         },
         {
            "city":"吉安市",
            "cityid":"360800",
            "provinceid":"360000"
         },
         {
            "city":"宜春市",
            "cityid":"360900",
            "provinceid":"360000"
         },
         {
            "city":"抚州市",
            "cityid":"361000",
            "provinceid":"360000"
         },
         {
            "city":"上饶市",
            "cityid":"361100",
            "provinceid":"360000"
         }

      ],
      "id":14,
      "province":"江西省",
      "provinceid":"360000"
   },
   {
      "cities":
      [
         {
            "city":"济南市",
            "cityid":"370100",
            "provinceid":"370000"
         },
         {
            "city":"青岛市",
            "cityid":"370200",
            "provinceid":"370000"
         },
         {
            "city":"淄博市",
            "cityid":"370300",
            "provinceid":"370000"
         },
         {
            "city":"枣庄市",
            "cityid":"370400",
            "provinceid":"370000"
         },
         {
            "city":"东营市",
            "cityid":"370500",
            "provinceid":"370000"
         },
         {
            "city":"烟台市",
            "cityid":"370600",
            "provinceid":"370000"
         },
         {
            "city":"潍坊市",
            "cityid":"370700",
            "provinceid":"370000"
         },
         {
            "city":"济宁市",
            "cityid":"370800",
            "provinceid":"370000"
         },
         {
            "city":"泰安市",
            "cityid":"370900",
            "provinceid":"370000"
         },
         {
            "city":"威海市",
            "cityid":"371000",
            "provinceid":"370000"
         },
         {
            "city":"日照市",
            "cityid":"371100",
            "provinceid":"370000"
         },
         {
            "city":"莱芜市",
            "cityid":"371200",
            "provinceid":"370000"
         },
         {
            "city":"临沂市",
            "cityid":"371300",
            "provinceid":"370000"
         },
         {
            "city":"德州市",
            "cityid":"371400",
            "provinceid":"370000"
         },
         {
            "city":"聊城市",
            "cityid":"371500",
            "provinceid":"370000"
         },
         {
            "city":"滨州市",
            "cityid":"371600",
            "provinceid":"370000"
         },
         {
            "city":"荷泽市",
            "cityid":"371700",
            "provinceid":"370000"
         }

      ],
      "id":15,
      "province":"山东省",
      "provinceid":"370000"
   },
   {
      "cities":
      [
         {
            "city":"郑州市",
            "cityid":"410100",
            "provinceid":"410000"
         },
         {
            "city":"开封市",
            "cityid":"410200",
            "provinceid":"410000"
         },
         {
            "city":"洛阳市",
            "cityid":"410300",
            "provinceid":"410000"
         },
         {
            "city":"平顶山市",
            "cityid":"410400",
            "provinceid":"410000"
         },
         {
            "city":"安阳市",
            "cityid":"410500",
            "provinceid":"410000"
         },
         {
            "city":"鹤壁市",
            "cityid":"410600",
            "provinceid":"410000"
         },
         {
            "city":"新乡市",
            "cityid":"410700",
            "provinceid":"410000"
         },
         {
            "city":"焦作市",
            "cityid":"410800",
            "provinceid":"410000"
         },
         {
            "city":"濮阳市",
            "cityid":"410900",
            "provinceid":"410000"
         },
         {
            "city":"许昌市",
            "cityid":"411000",
            "provinceid":"410000"
         },
         {
            "city":"漯河市",
            "cityid":"411100",
            "provinceid":"410000"
         },
         {
            "city":"三门峡市",
            "cityid":"411200",
            "provinceid":"410000"
         },
         {
            "city":"南阳市",
            "cityid":"411300",
            "provinceid":"410000"
         },
         {
            "city":"商丘市",
            "cityid":"411400",
            "provinceid":"410000"
         },
         {
            "city":"信阳市",
            "cityid":"411500",
            "provinceid":"410000"
         },
         {
            "city":"周口市",
            "cityid":"411600",
            "provinceid":"410000"
         },
         {
            "city":"驻马店市",
            "cityid":"411700",
            "provinceid":"410000"
         }

      ],
      "id":16,
      "province":"河南省",
      "provinceid":"410000"
   },
   {
      "cities":
      [
         {
            "city":"武汉市",
            "cityid":"420100",
            "provinceid":"420000"
         },
         {
            "city":"黄石市",
            "cityid":"420200",
            "provinceid":"420000"
         },
         {
            "city":"十堰市",
            "cityid":"420300",
            "provinceid":"420000"
         },
         {
            "city":"宜昌市",
            "cityid":"420500",
            "provinceid":"420000"
         },
         {
            "city":"襄樊市",
            "cityid":"420600",
            "provinceid":"420000"
         },
         {
            "city":"鄂州市",
            "cityid":"420700",
            "provinceid":"420000"
         },
         {
            "city":"荆门市",
            "cityid":"420800",
            "provinceid":"420000"
         },
         {
            "city":"孝感市",
            "cityid":"420900",
            "provinceid":"420000"
         },
         {
            "city":"荆州市",
            "cityid":"421000",
            "provinceid":"420000"
         },
         {
            "city":"黄冈市",
            "cityid":"421100",
            "provinceid":"420000"
         },
         {
            "city":"咸宁市",
            "cityid":"421200",
            "provinceid":"420000"
         },
         {
            "city":"随州市",
            "cityid":"421300",
            "provinceid":"420000"
         },
         {
            "city":"恩施土家族苗族自治州",
            "cityid":"422800",
            "provinceid":"420000"
         },
         {
            "city":"省直辖行政单位",
            "cityid":"429000",
            "provinceid":"420000"
         }

      ],
      "id":17,
      "province":"湖北省",
      "provinceid":"420000"
   },
   {
      "cities":
      [
         {
            "city":"长沙市",
            "cityid":"430100",
            "provinceid":"430000"
         },
         {
            "city":"株洲市",
            "cityid":"430200",
            "provinceid":"430000"
         },
         {
            "city":"湘潭市",
            "cityid":"430300",
            "provinceid":"430000"
         },
         {
            "city":"衡阳市",
            "cityid":"430400",
            "provinceid":"430000"
         },
         {
            "city":"邵阳市",
            "cityid":"430500",
            "provinceid":"430000"
         },
         {
            "city":"岳阳市",
            "cityid":"430600",
            "provinceid":"430000"
         },
         {
            "city":"常德市",
            "cityid":"430700",
            "provinceid":"430000"
         },
         {
            "city":"张家界市",
            "cityid":"430800",
            "provinceid":"430000"
         },
         {
            "city":"益阳市",
            "cityid":"430900",
            "provinceid":"430000"
         },
         {
            "city":"郴州市",
            "cityid":"431000",
            "provinceid":"430000"
         },
         {
            "city":"永州市",
            "cityid":"431100",
            "provinceid":"430000"
         },
         {
            "city":"怀化市",
            "cityid":"431200",
            "provinceid":"430000"
         },
         {
            "city":"娄底市",
            "cityid":"431300",
            "provinceid":"430000"
         },
         {
            "city":"湘西土家族苗族自治州",
            "cityid":"433100",
            "provinceid":"430000"
         }

      ],
      "id":18,
      "province":"湖南省",
      "provinceid":"430000"
   },
   {
      "cities":
      [
         {
            "city":"广州市",
            "cityid":"440100",
            "provinceid":"440000"
         },
         {
            "city":"韶关市",
            "cityid":"440200",
            "provinceid":"440000"
         },
         {
            "city":"深圳市",
            "cityid":"440300",
            "provinceid":"440000"
         },
         {
            "city":"珠海市",
            "cityid":"440400",
            "provinceid":"440000"
         },
         {
            "city":"汕头市",
            "cityid":"440500",
            "provinceid":"440000"
         },
         {
            "city":"佛山市",
            "cityid":"440600",
            "provinceid":"440000"
         },
         {
            "city":"江门市",
            "cityid":"440700",
            "provinceid":"440000"
         },
         {
            "city":"湛江市",
            "cityid":"440800",
            "provinceid":"440000"
         },
         {
            "city":"茂名市",
            "cityid":"440900",
            "provinceid":"440000"
         },
         {
            "city":"肇庆市",
            "cityid":"441200",
            "provinceid":"440000"
         },
         {
            "city":"惠州市",
            "cityid":"441300",
            "provinceid":"440000"
         },
         {
            "city":"梅州市",
            "cityid":"441400",
            "provinceid":"440000"
         },
         {
            "city":"汕尾市",
            "cityid":"441500",
            "provinceid":"440000"
         },
         {
            "city":"河源市",
            "cityid":"441600",
            "provinceid":"440000"
         },
         {
            "city":"阳江市",
            "cityid":"441700",
            "provinceid":"440000"
         },
         {
            "city":"清远市",
            "cityid":"441800",
            "provinceid":"440000"
         },
         {
            "city":"东莞市",
            "cityid":"441900",
            "provinceid":"440000"
         },
         {
            "city":"中山市",
            "cityid":"442000",
            "provinceid":"440000"
         },
         {
            "city":"潮州市",
            "cityid":"445100",
            "provinceid":"440000"
         },
         {
            "city":"揭阳市",
            "cityid":"445200",
            "provinceid":"440000"
         },
         {
            "city":"云浮市",
            "cityid":"445300",
            "provinceid":"440000"
         }

      ],
      "id":19,
      "province":"广东省",
      "provinceid":"440000"
   },
   {
      "cities":
      [
         {
            "city":"南宁市",
            "cityid":"450100",
            "provinceid":"450000"
         },
         {
            "city":"柳州市",
            "cityid":"450200",
            "provinceid":"450000"
         },
         {
            "city":"桂林市",
            "cityid":"450300",
            "provinceid":"450000"
         },
         {
            "city":"梧州市",
            "cityid":"450400",
            "provinceid":"450000"
         },
         {
            "city":"北海市",
            "cityid":"450500",
            "provinceid":"450000"
         },
         {
            "city":"防城港市",
            "cityid":"450600",
            "provinceid":"450000"
         },
         {
            "city":"钦州市",
            "cityid":"450700",
            "provinceid":"450000"
         },
         {
            "city":"贵港市",
            "cityid":"450800",
            "provinceid":"450000"
         },
         {
            "city":"玉林市",
            "cityid":"450900",
            "provinceid":"450000"
         },
         {
            "city":"百色市",
            "cityid":"451000",
            "provinceid":"450000"
         },
         {
            "city":"贺州市",
            "cityid":"451100",
            "provinceid":"450000"
         },
         {
            "city":"河池市",
            "cityid":"451200",
            "provinceid":"450000"
         },
         {
            "city":"来宾市",
            "cityid":"451300",
            "provinceid":"450000"
         },
         {
            "city":"崇左市",
            "cityid":"451400",
            "provinceid":"450000"
         }

      ],
      "id":20,
      "province":"广西壮族自治区",
      "provinceid":"450000"
   },
   {
      "cities":
      [
         {
            "city":"海口市",
            "cityid":"460100",
            "provinceid":"460000"
         },
         {
            "city":"三亚市",
            "cityid":"460200",
            "provinceid":"460000"
         },
         {
            "city":"省直辖县级行政单位",
            "cityid":"469000",
            "provinceid":"460000"
         }

      ],
      "id":21,
      "province":"海南省",
      "provinceid":"460000"
   },
   {
      "cities":
      [
         {
            "city":"市辖区",
            "cityid":"500100",
            "provinceid":"500000"
         },
         {
            "city":"县",
            "cityid":"500200",
            "provinceid":"500000"
         },
         {
            "city":"市",
            "cityid":"500300",
            "provinceid":"500000"
         }

      ],
      "id":22,
      "province":"重庆市",
      "provinceid":"500000"
   },
   {
      "cities":
      [
         {
            "city":"成都市",
            "cityid":"510100",
            "provinceid":"510000"
         },
         {
            "city":"自贡市",
            "cityid":"510300",
            "provinceid":"510000"
         },
         {
            "city":"攀枝花市",
            "cityid":"510400",
            "provinceid":"510000"
         },
         {
            "city":"泸州市",
            "cityid":"510500",
            "provinceid":"510000"
         },
         {
            "city":"德阳市",
            "cityid":"510600",
            "provinceid":"510000"
         },
         {
            "city":"绵阳市",
            "cityid":"510700",
            "provinceid":"510000"
         },
         {
            "city":"广元市",
            "cityid":"510800",
            "provinceid":"510000"
         },
         {
            "city":"遂宁市",
            "cityid":"510900",
            "provinceid":"510000"
         },
         {
            "city":"内江市",
            "cityid":"511000",
            "provinceid":"510000"
         },
         {
            "city":"乐山市",
            "cityid":"511100",
            "provinceid":"510000"
         },
         {
            "city":"南充市",
            "cityid":"511300",
            "provinceid":"510000"
         },
         {
            "city":"眉山市",
            "cityid":"511400",
            "provinceid":"510000"
         },
         {
            "city":"宜宾市",
            "cityid":"511500",
            "provinceid":"510000"
         },
         {
            "city":"广安市",
            "cityid":"511600",
            "provinceid":"510000"
         },
         {
            "city":"达州市",
            "cityid":"511700",
            "provinceid":"510000"
         },
         {
            "city":"雅安市",
            "cityid":"511800",
            "provinceid":"510000"
         },
         {
            "city":"巴中市",
            "cityid":"511900",
            "provinceid":"510000"
         },
         {
            "city":"资阳市",
            "cityid":"512000",
            "provinceid":"510000"
         },
         {
            "city":"阿坝藏族羌族自治州",
            "cityid":"513200",
            "provinceid":"510000"
         },
         {
            "city":"甘孜藏族自治州",
            "cityid":"513300",
            "provinceid":"510000"
         },
         {
            "city":"凉山彝族自治州",
            "cityid":"513400",
            "provinceid":"510000"
         }

      ],
      "id":23,
      "province":"四川省",
      "provinceid":"510000"
   },
   {
      "cities":
      [
         {
            "city":"贵阳市",
            "cityid":"520100",
            "provinceid":"520000"
         },
         {
            "city":"六盘水市",
            "cityid":"520200",
            "provinceid":"520000"
         },
         {
            "city":"遵义市",
            "cityid":"520300",
            "provinceid":"520000"
         },
         {
            "city":"安顺市",
            "cityid":"520400",
            "provinceid":"520000"
         },
         {
            "city":"铜仁地区",
            "cityid":"522200",
            "provinceid":"520000"
         },
         {
            "city":"黔西南布依族苗族自治州",
            "cityid":"522300",
            "provinceid":"520000"
         },
         {
            "city":"毕节地区",
            "cityid":"522400",
            "provinceid":"520000"
         },
         {
            "city":"黔东南苗族侗族自治州",
            "cityid":"522600",
            "provinceid":"520000"
         },
         {
            "city":"黔南布依族苗族自治州",
            "cityid":"522700",
            "provinceid":"520000"
         }

      ],
      "id":24,
      "province":"贵州省",
      "provinceid":"520000"
   },
   {
      "cities":
      [
         {
            "city":"昆明市",
            "cityid":"530100",
            "provinceid":"530000"
         },
         {
            "city":"曲靖市",
            "cityid":"530300",
            "provinceid":"530000"
         },
         {
            "city":"玉溪市",
            "cityid":"530400",
            "provinceid":"530000"
         },
         {
            "city":"保山市",
            "cityid":"530500",
            "provinceid":"530000"
         },
         {
            "city":"昭通市",
            "cityid":"530600",
            "provinceid":"530000"
         },
         {
            "city":"丽江市",
            "cityid":"530700",
            "provinceid":"530000"
         },
         {
            "city":"思茅市",
            "cityid":"530800",
            "provinceid":"530000"
         },
         {
            "city":"临沧市",
            "cityid":"530900",
            "provinceid":"530000"
         },
         {
            "city":"楚雄彝族自治州",
            "cityid":"532300",
            "provinceid":"530000"
         },
         {
            "city":"红河哈尼族彝族自治州",
            "cityid":"532500",
            "provinceid":"530000"
         },
         {
            "city":"文山壮族苗族自治州",
            "cityid":"532600",
            "provinceid":"530000"
         },
         {
            "city":"西双版纳傣族自治州",
            "cityid":"532800",
            "provinceid":"530000"
         },
         {
            "city":"大理白族自治州",
            "cityid":"532900",
            "provinceid":"530000"
         },
         {
            "city":"德宏傣族景颇族自治州",
            "cityid":"533100",
            "provinceid":"530000"
         },
         {
            "city":"怒江傈僳族自治州",
            "cityid":"533300",
            "provinceid":"530000"
         },
         {
            "city":"迪庆藏族自治州",
            "cityid":"533400",
            "provinceid":"530000"
         }

      ],
      "id":25,
      "province":"云南省",
      "provinceid":"530000"
   },
   {
      "cities":
      [
         {
            "city":"拉萨市",
            "cityid":"540100",
            "provinceid":"540000"
         },
         {
            "city":"昌都地区",
            "cityid":"542100",
            "provinceid":"540000"
         },
         {
            "city":"山南地区",
            "cityid":"542200",
            "provinceid":"540000"
         },
         {
            "city":"日喀则地区",
            "cityid":"542300",
            "provinceid":"540000"
         },
         {
            "city":"那曲地区",
            "cityid":"542400",
            "provinceid":"540000"
         },
         {
            "city":"阿里地区",
            "cityid":"542500",
            "provinceid":"540000"
         },
         {
            "city":"林芝地区",
            "cityid":"542600",
            "provinceid":"540000"
         }

      ],
      "id":26,
      "province":"西藏自治区",
      "provinceid":"540000"
   },
   {
      "cities":
      [
         {
            "city":"西安市",
            "cityid":"610100",
            "provinceid":"610000"
         },
         {
            "city":"铜川市",
            "cityid":"610200",
            "provinceid":"610000"
         },
         {
            "city":"宝鸡市",
            "cityid":"610300",
            "provinceid":"610000"
         },
         {
            "city":"咸阳市",
            "cityid":"610400",
            "provinceid":"610000"
         },
         {
            "city":"渭南市",
            "cityid":"610500",
            "provinceid":"610000"
         },
         {
            "city":"延安市",
            "cityid":"610600",
            "provinceid":"610000"
         },
         {
            "city":"汉中市",
            "cityid":"610700",
            "provinceid":"610000"
         },
         {
            "city":"榆林市",
            "cityid":"610800",
            "provinceid":"610000"
         },
         {
            "city":"安康市",
            "cityid":"610900",
            "provinceid":"610000"
         },
         {
            "city":"商洛市",
            "cityid":"611000",
            "provinceid":"610000"
         }

      ],
      "id":27,
      "province":"陕西省",
      "provinceid":"610000"
   },
   {
      "cities":
      [
         {
            "city":"兰州市",
            "cityid":"620100",
            "provinceid":"620000"
         },
         {
            "city":"嘉峪关市",
            "cityid":"620200",
            "provinceid":"620000"
         },
         {
            "city":"金昌市",
            "cityid":"620300",
            "provinceid":"620000"
         },
         {
            "city":"白银市",
            "cityid":"620400",
            "provinceid":"620000"
         },
         {
            "city":"天水市",
            "cityid":"620500",
            "provinceid":"620000"
         },
         {
            "city":"武威市",
            "cityid":"620600",
            "provinceid":"620000"
         },
         {
            "city":"张掖市",
            "cityid":"620700",
            "provinceid":"620000"
         },
         {
            "city":"平凉市",
            "cityid":"620800",
            "provinceid":"620000"
         },
         {
            "city":"酒泉市",
            "cityid":"620900",
            "provinceid":"620000"
         },
         {
            "city":"庆阳市",
            "cityid":"621000",
            "provinceid":"620000"
         },
         {
            "city":"定西市",
            "cityid":"621100",
            "provinceid":"620000"
         },
         {
            "city":"陇南市",
            "cityid":"621200",
            "provinceid":"620000"
         },
         {
            "city":"临夏回族自治州",
            "cityid":"622900",
            "provinceid":"620000"
         },
         {
            "city":"甘南藏族自治州",
            "cityid":"623000",
            "provinceid":"620000"
         }

      ],
      "id":28,
      "province":"甘肃省",
      "provinceid":"620000"
   },
   {
      "cities":
      [
         {
            "city":"西宁市",
            "cityid":"630100",
            "provinceid":"630000"
         },
         {
            "city":"海东地区",
            "cityid":"632100",
            "provinceid":"630000"
         },
         {
            "city":"海北藏族自治州",
            "cityid":"632200",
            "provinceid":"630000"
         },
         {
            "city":"黄南藏族自治州",
            "cityid":"632300",
            "provinceid":"630000"
         },
         {
            "city":"海南藏族自治州",
            "cityid":"632500",
            "provinceid":"630000"
         },
         {
            "city":"果洛藏族自治州",
            "cityid":"632600",
            "provinceid":"630000"
         },
         {
            "city":"玉树藏族自治州",
            "cityid":"632700",
            "provinceid":"630000"
         },
         {
            "city":"海西蒙古族藏族自治州",
            "cityid":"632800",
            "provinceid":"630000"
         }

      ],
      "id":29,
      "province":"青海省",
      "provinceid":"630000"
   },
   {
      "cities":
      [
         {
            "city":"银川市",
            "cityid":"640100",
            "provinceid":"640000"
         },
         {
            "city":"石嘴山市",
            "cityid":"640200",
            "provinceid":"640000"
         },
         {
            "city":"吴忠市",
            "cityid":"640300",
            "provinceid":"640000"
         },
         {
            "city":"固原市",
            "cityid":"640400",
            "provinceid":"640000"
         },
         {
            "city":"中卫市",
            "cityid":"640500",
            "provinceid":"640000"
         }

      ],
      "id":30,
      "province":"宁夏回族自治区",
      "provinceid":"640000"
   },
   {
      "cities":
      [
         {
            "city":"乌鲁木齐市",
            "cityid":"650100",
            "provinceid":"650000"
         },
         {
            "city":"克拉玛依市",
            "cityid":"650200",
            "provinceid":"650000"
         },
         {
            "city":"吐鲁番地区",
            "cityid":"652100",
            "provinceid":"650000"
         },
         {
            "city":"哈密地区",
            "cityid":"652200",
            "provinceid":"650000"
         },
         {
            "city":"昌吉回族自治州",
            "cityid":"652300",
            "provinceid":"650000"
         },
         {
            "city":"博尔塔拉蒙古自治州",
            "cityid":"652700",
            "provinceid":"650000"
         },
         {
            "city":"巴音郭楞蒙古自治州",
            "cityid":"652800",
            "provinceid":"650000"
         },
         {
            "city":"阿克苏地区",
            "cityid":"652900",
            "provinceid":"650000"
         },
         {
            "city":"克孜勒苏柯尔克孜自治州",
            "cityid":"653000",
            "provinceid":"650000"
         },
         {
            "city":"喀什地区",
            "cityid":"653100",
            "provinceid":"650000"
         },
         {
            "city":"和田地区",
            "cityid":"653200",
            "provinceid":"650000"
         },
         {
            "city":"伊犁哈萨克自治州",
            "cityid":"654000",
            "provinceid":"650000"
         },
         {
            "city":"塔城地区",
            "cityid":"654200",
            "provinceid":"650000"
         },
         {
            "city":"阿勒泰地区",
            "cityid":"654300",
            "provinceid":"650000"
         },
         {
            "city":"省直辖行政单位",
            "cityid":"659000",
            "provinceid":"650000"
         }

      ],
      "id":31,
      "province":"新疆维吾尔自治区",
      "provinceid":"650000"
   }

]